url,clubs,live_name,source_name,source_cell,source_price,source_number_format,source_xml_value,live_prices,classification,match_basis,catalog_active_purchases,catalog_total_purchases
https://fitnes-imperiya.fitbase.io/ticket/update?id=13,"Гоголевский, Промышленная, Ровио, Столица",Абонемент МУЛЬТИКАРТА 12 месяцев,Абонемент МУЛЬТИКАРТА 12 месяцев,C16,0,"#,##0.00",0,9900.0,other,exact_name,378,14796
https://fitnes-imperiya.fitbase.io/ticket/update?id=14,"Гоголевский, Промышленная, Ровио, Столица",Абонемент МУЛЬТИКАРТА 12 месяцев (2 месяца в подарок),Абонемент МУЛЬТИКАРТА 12 месяцев (2 месяца в подарок),C17,11990,"#,##0.00",11990,11990.0,equal,exact_name,68,220
https://fitnes-imperiya.fitbase.io/ticket/update?id=15,"Гоголевский, Промышленная, Ровио, Столица",Абонемент МУЛЬТИКАРТА 12 месяцев (3 месяца заморозки в подарок),Абонемент МУЛЬТИКАРТА 12 месяцев (3 месяца заморозки в подарок),C18,11990,"#,##0.00",11990,11990.0,equal,exact_name,19,141
https://fitnes-imperiya.fitbase.io/ticket/update?id=16,"Гоголевский, Промышленная, Ровио, Столица",Абонемент МУЛЬТИКАРТА 12 месяцев (подарок),Абонемент МУЛЬТИКАРТА 12 месяцев (подарок),C19,14990,"#,##0.00",14990,12990.0,other,exact_name,474,651
https://fitnes-imperiya.fitbase.io/ticket/update?id=17,"Гоголевский, Промышленная, Ровио, Столица",Абонемент МУЛЬТИКАРТА 12 месяцев + 2 месяца заморозки в подарок,Абонемент МУЛЬТИКАРТА 12 месяцев + 2 месяца заморозки в подарок,C22,15990,"#,##0.00",15990,15990.0,equal,exact_name,724,1690
https://fitnes-imperiya.fitbase.io/ticket/update?id=18,"Гоголевский, Промышленная, Ровио, Столица",Абонемент МУЛЬТИКАРТА 12 месяцев + 3 месяца в подарок,Абонемент МУЛЬТИКАРТА 12 месяцев + 3 месяца в подарок,C24,11990,"#,##0.00",11990,11990.0,equal,exact_name,63,206
https://fitnes-imperiya.fitbase.io/ticket/update?id=19,"Гоголевский, Промышленная, Ровио, Столица",Абонемент МУЛЬТИКАРТА 12 месяцев + 3 месяца заморозки в подарок,,,,,,9990.0,unmatched_name,,170,441
https://fitnes-imperiya.fitbase.io/ticket/update?id=20,"Гоголевский, Промышленная, Ровио, Столица",Абонемент МУЛЬТИКАРТА 12 месяцев + подарок,Абонемент МУЛЬТИКАРТА 12 месяцев + подарок,C26,15990,"#,##0.00",15990,15990.0,equal,exact_name,455,465
https://fitnes-imperiya.fitbase.io/ticket/update?id=21,"Гоголевский, Промышленная, Ровио, Столица",Абонемент МУЛЬТИКАРТА 12 месяцев + подарок (СПЕЦПРЕДЛОЖЕНИЕ),Абонемент МУЛЬТИКАРТА 12 месяцев + подарок (СПЕЦПРЕДЛОЖЕНИЕ),C27,10990,"#,##0.00",10990,11990.0,other,exact_name,2818,2977
https://fitnes-imperiya.fitbase.io/ticket/update?id=22,"Гоголевский, Промышленная, Ровио, Столица",Абонемент МУЛЬТИКАРТА 12 месяцев ДВОЙНОЕ / СЕМЕЙНЫЙ,Абонемент МУЛЬТИКАРТА 12 месяцев ДВОЙНОЕ / СЕМЕЙНЫЙ,C28,12500,"#,##0.00",12500,12500.0,equal,exact_name,53,1849
https://fitnes-imperiya.fitbase.io/ticket/update?id=23,"Гоголевский, Промышленная, Ровио, Столица",Абонемент МУЛЬТИКАРТА 12 месяцев СПЕЦПРЕДЛОЖЕНИЕ,Абонемент МУЛЬТИКАРТА 12 месяцев СПЕЦПРЕДЛОЖЕНИЕ,C29,11990,"#,##0.00",11990,11990.0,equal,exact_name,1692,3393
https://fitnes-imperiya.fitbase.io/ticket/update?id=25,"Гоголевский, Промышленная, Ровио, Столица",Абонемент МУЛЬТИКАРТА 12 месяцев+2 лета в подарок,Абонемент МУЛЬТИКАРТА 12 месяцев+2 лета в подарок,C32,13990,"#,##0.00",13990,13990.0,equal,exact_name,0,389
https://fitnes-imperiya.fitbase.io/ticket/update?id=26,"Гоголевский, Промышленная, Ровио, Столица",Абонемент МУЛЬТИКАРТА 15 месяцев,Абонемент МУЛЬТИКАРТА 15 месяцев,C33,0,"#,##0.00",0,0.0,equal,exact_name,19,19
https://fitnes-imperiya.fitbase.io/ticket/update?id=27,"Гоголевский, Промышленная, Ровио, Столица",Абонемент МУЛЬТИКАРТА 15 месяцев (подарок),Абонемент МУЛЬТИКАРТА 15 месяцев (подарок),C34,13990,"#,##0.00",13990,0.0,zero,exact_name,16,16
https://fitnes-imperiya.fitbase.io/ticket/update?id=28,"Гоголевский, Промышленная, Ровио, Столица",Абонемент МУЛЬТИКАРТА 15 месяцев (подарок) спецпредложение,Абонемент МУЛЬТИКАРТА 15 месяцев (подарок) спецпредложение,C35,10990,"#,##0.00",10990,10990.0,equal,exact_name,1236,1305
https://fitnes-imperiya.fitbase.io/ticket/update?id=29,"Гоголевский, Промышленная, Ровио, Столица",Абонемент МУЛЬТИКАРТА 15 месяцев (рассрочка),Абонемент МУЛЬТИКАРТА 15 месяцев (рассрочка),C36,10990,"#,##0.00",10990,11990.0,other,exact_name,18,19
https://fitnes-imperiya.fitbase.io/ticket/update?id=30,"Гоголевский, Промышленная, Ровио, Столица",Абонемент МУЛЬТИКАРТА 36 месяцев,Абонемент МУЛЬТИКАРТА 36 месяцев,C38,38970,"#,##0.00",38970,38970.0,equal,exact_name,1,1
https://fitnes-imperiya.fitbase.io/ticket/update?id=31,"Гоголевский, Промышленная, Ровио, Столица",Абонемент МУЛЬТИКАРТА+6 месяцев в подарок,Абонемент МУЛЬТИКАРТА+6 месяцев в подарок,C39,0,"#,##0.00",0,0.0,equal,exact_name,96,195
https://fitnes-imperiya.fitbase.io/ticket/update?id=85,"Гоголевский, Промышленная, Ровио, Столица",МУЛЬТИКАРТА 6 месяцев + 3 месяца в подарок,МУЛЬТИКАРТА 6 месяцев + 3 месяца в подарок,C94,0,"#,##0.00",0,0.0,equal,exact_name,0,3
https://fitnes-imperiya.fitbase.io/ticket/update?id=86,"Гоголевский, Промышленная, Ровио, Столица",Мультикарта 9 месяцев (6 месяцев в подарок),Мультикарта 9 месяцев (6 месяцев в подарок),C95,16990,"#,##0.00",16990,0.0,zero,exact_name,0,1
https://fitnes-imperiya.fitbase.io/ticket/update?id=87,"Гоголевский, Промышленная, Ровио, Столица",МУЛЬТИКАРТА 9 месяцев (подарок),МУЛЬТИКАРТА 9 месяцев (подарок),C96,10990,"#,##0.00",10990,15990.0,other,exact_name,56,137
https://fitnes-imperiya.fitbase.io/ticket/update?id=88,"Гоголевский, Промышленная, Ровио, Столица",Мультикарта на 1 месяц,Мультикарта на 1 месяц,C97,0,"#,##0.00",0,0.0,equal,exact_name,0,4
https://fitnes-imperiya.fitbase.io/ticket/update?id=89,"Гоголевский, Промышленная, Ровио, Столица",Мультикарта на 3 месяца,Мультикарта на 3 месяца,C98,0,"#,##0.00",0,0.0,equal,exact_name,0,10
https://fitnes-imperiya.fitbase.io/ticket/update?id=90,"Гоголевский, Промышленная, Ровио, Столица",Мультикарта на 6 месяцев,Мультикарта на 6 месяцев,C99,0,"#,##0.00",0,0.0,equal,exact_name,8,54
https://fitnes-imperiya.fitbase.io/ticket/update?id=91,"Гоголевский, Промышленная, Ровио, Столица",Мультикарта на 9 месяцев,Мультикарта на 9 месяцев,C100,14990,"#,##0.00",14990,14990.0,equal,exact_name,0,66
https://fitnes-imperiya.fitbase.io/ticket/update?id=92,"Гоголевский, Промышленная, Ровио, Столица",Мультикарта на 9 месяцев + 3 месяца заморозки в подарок,Мультикарта на 9 месяцев + 3 месяца заморозки в подарок,C101,13990,"#,##0.00",13990,13990.0,equal,exact_name,1,6
https://fitnes-imperiya.fitbase.io/ticket/update?id=111,"Гоголевский, Промышленная, Ровио, Столица","Холодные 9 900,00 МУЛЬТИКАРТА 12 месяцев","Холодные 9 900,00 МУЛЬТИКАРТА 12 месяцев",C122,9900,"#,##0.00",9900,9900.0,equal,exact_name,0,33
https://fitnes-imperiya.fitbase.io/ticket/update?id=285,Столица,Абонемент 10 ДНЕЙ,Абонемент 10 ДНЕЙ,C3,0,"#,##0.00",0,0.0,equal,exact_name,0,18
https://fitnes-imperiya.fitbase.io/ticket/update?id=286,Столица,Абонемент 2 недели Фитнес,Абонемент 2 недели Фитнес,C5,490,"#,##0.00",490,490.0,equal,exact_name,0,76
https://fitnes-imperiya.fitbase.io/ticket/update?id=287,Столица,Абонемент в солярий на 100 минут,Абонемент в солярий на 100 минут,C6,2000,"#,##0.00",2000,2.0,thousands_prefix,exact_name,0,15
https://fitnes-imperiya.fitbase.io/ticket/update?id=288,Столица,Абонемент в солярий на 100+50 минут,Абонемент в солярий на 100+50 минут,C7,1200,"#,##0.00",1200,1.0,thousands_prefix,exact_name,0,4
https://fitnes-imperiya.fitbase.io/ticket/update?id=289,Столица,Абонемент в солярий на 50 + 50 минут,Абонемент в солярий на 50 + 50 минут,C8,900,"#,##0.00",900,900.0,equal,exact_name,0,7
https://fitnes-imperiya.fitbase.io/ticket/update?id=290,Столица,Абонемент в солярий на 50 минут,Абонемент в солярий на 50 минут,C9,1500,"#,##0.00",1500,1.0,thousands_prefix,exact_name,0,16
https://fitnes-imperiya.fitbase.io/ticket/update?id=291,Столица,Абонемент в солярий на 80 минут,Абонемент в солярий на 80 минут,C10,0,"#,##0.00",0,0.0,equal,exact_name,0,0
https://fitnes-imperiya.fitbase.io/ticket/update?id=292,Столица,АБОНЕМЕНТ ДЖАМПИНГ 12 пос,АБОНЕМЕНТ ДЖАМПИНГ 12 пос,C11,3600,"#,##0.00",3600,3.0,thousands_prefix,exact_name,0,0
https://fitnes-imperiya.fitbase.io/ticket/update?id=293,Столица,АБОНЕМЕНТ ДЖАМПИНГ 8 пос,АБОНЕМЕНТ ДЖАМПИНГ 8 пос,C12,3480,"#,##0.00",3480,3.0,thousands_prefix,exact_name,0,0
https://fitnes-imperiya.fitbase.io/ticket/update?id=294,Столица,"АБОНЕМЕНТ лимфодренажная тренировка (10 посещений),1 мес.","АБОНЕМЕНТ лимфодренажная тренировка (10 посещений),1 мес.",C13,7500,"#,##0.00",7500,7.0,thousands_prefix,exact_name,0,42
https://fitnes-imperiya.fitbase.io/ticket/update?id=295,Столица,Абонемент МУЛЬТИ 24 месяцев,Абонемент МУЛЬТИ 24 месяцев,C14,23980,"#,##0.00",23980,23.0,thousands_prefix,exact_name,5,142
https://fitnes-imperiya.fitbase.io/ticket/update?id=296,Столица,Абонемент МУЛЬТИ 6+6 месяцев,Абонемент МУЛЬТИ 6+6 месяцев,C15,13990,"#,##0.00",13990,13.0,thousands_prefix,exact_name,0,35
https://fitnes-imperiya.fitbase.io/ticket/update?id=297,Столица,Абонемент НЕДЕЛЯ ДРУГ,Абонемент НЕДЕЛЯ ДРУГ,C40,0,"#,##0.00",0,0.0,equal,exact_name,0,439
https://fitnes-imperiya.fitbase.io/ticket/update?id=298,Столица,Абонемент НЕДЕЛЯ КАРЕЛЬСКИЙ,Абонемент НЕДЕЛЯ КАРЕЛЬСКИЙ,C41,0,"#,##0.00",0,0.0,equal,exact_name,0,0
https://fitnes-imperiya.fitbase.io/ticket/update?id=299,Столица,Абонемент Неделя марафон,Абонемент Неделя марафон,C42,0,"#,##0.00",0,0.0,equal,exact_name,0,0
https://fitnes-imperiya.fitbase.io/ticket/update?id=300,Столица,Абонемент НЕДЕЛЯ САЙТ,Абонемент НЕДЕЛЯ САЙТ,C43,100,"#,##0.00",100,100.0,equal,exact_name,0,808
https://fitnes-imperiya.fitbase.io/ticket/update?id=301,Столица,Абонемент Неделя сайт 2023,Абонемент Неделя сайт 2023,C44,0,"#,##0.00",0,0.0,equal,exact_name,0,76
https://fitnes-imperiya.fitbase.io/ticket/update?id=302,Столица,Абонемент Неделя Фитнес,Абонемент Неделя Фитнес,C45,2500,"#,##0.00",2500,2.0,thousands_prefix,exact_name,0,126
https://fitnes-imperiya.fitbase.io/ticket/update?id=303,Столица,Абонемент Неделя Фитнес (НОВЫЕ КЛИЕНТЫ),Абонемент Неделя Фитнес (НОВЫЕ КЛИЕНТЫ),C46,199,"#,##0.00",199,199.0,equal,exact_name,0,4
https://fitnes-imperiya.fitbase.io/ticket/update?id=304,Столица,Абонемент Неделя Фитнес 1 рубль,Абонемент Неделя Фитнес 1 рубль,C47,1,"#,##0.00",1,1.0,equal,exact_name,0,18
https://fitnes-imperiya.fitbase.io/ticket/update?id=305,Столица,Абонемент Неделя Фитнес 190 рублей,Абонемент Неделя Фитнес 190 рублей,C48,190,"#,##0.00",190,190.0,equal,exact_name,0,0
https://fitnes-imperiya.fitbase.io/ticket/update?id=306,Столица,Абонемент НЕДЕЛЯ ФИТНЕСА БЕСПЛАТНО,Абонемент НЕДЕЛЯ ФИТНЕСА БЕСПЛАТНО,C49,0,"#,##0.00",0,0.0,equal,exact_name,0,71
https://fitnes-imperiya.fitbase.io/ticket/update?id=307,Столица,Абонемент НЕДЕЛЯ ХОЛОДНЫЕ,Абонемент НЕДЕЛЯ ХОЛОДНЫЕ,C50,0,"#,##0.00",0,0.0,equal,exact_name,0,19
https://fitnes-imperiya.fitbase.io/ticket/update?id=308,Столица,АБОНЕМЕНТ САЙКЛ 12 пос без клубной карты,АБОНЕМЕНТ САЙКЛ 12 пос без клубной карты,C51,6450,"#,##0.00",6450,6.0,thousands_prefix,exact_name,0,0
https://fitnes-imperiya.fitbase.io/ticket/update?id=309,Столица,АБОНЕМЕНТ САЙКЛ 12 пос при наличии клубной карты,АБОНЕМЕНТ САЙКЛ 12 пос при наличии клубной карты,C52,3600,"#,##0.00",3600,3.0,thousands_prefix,exact_name,0,0
https://fitnes-imperiya.fitbase.io/ticket/update?id=310,Столица,АБОНЕМЕНТ САЙКЛ 8 пос без клубной карты,АБОНЕМЕНТ САЙКЛ 8 пос без клубной карты,C53,5400,"#,##0.00",5400,5.0,thousands_prefix,exact_name,0,0
https://fitnes-imperiya.fitbase.io/ticket/update?id=311,Столица,АБОНЕМЕНТ САЙКЛ 8 пос при наличии клубной карты,АБОНЕМЕНТ САЙКЛ 8 пос при наличии клубной карты,C54,3000,"#,##0.00",3000,3.0,thousands_prefix,exact_name,0,0
https://fitnes-imperiya.fitbase.io/ticket/update?id=312,Столица,Абонемент УЛЬТРА 1 МЕСЯЦ 12 посещений,Абонемент УЛЬТРА 1 МЕСЯЦ 12 посещений,C55,3500,"#,##0.00",3500,3.0,thousands_prefix,exact_name,0,203
https://fitnes-imperiya.fitbase.io/ticket/update?id=313,Столица,Абонемент УЛЬТРА 1 МЕСЯЦ 8 посещений,Абонемент УЛЬТРА 1 МЕСЯЦ 8 посещений,C56,3400,"#,##0.00",3400,3.0,thousands_prefix,exact_name,0,245
https://fitnes-imperiya.fitbase.io/ticket/update?id=314,Столица,"Абонемент УЛЬТРА 1 МЕСЯЦ 990,00","Абонемент УЛЬТРА 1 МЕСЯЦ 990,00",C57,990,"#,##0.00",990,990.0,equal,exact_name,0,187
https://fitnes-imperiya.fitbase.io/ticket/update?id=315,Столица,Абонемент УЛЬТРА 1 МЕСЯЦ БЕЗЛИМИТ,Абонемент УЛЬТРА 1 МЕСЯЦ БЕЗЛИМИТ,C58,4100,"#,##0.00",4100,4.0,thousands_prefix,exact_name,13,1629
https://fitnes-imperiya.fitbase.io/ticket/update?id=316,Столица,Абонемент УЛЬТРА 1 МЕСЯЦ БЕСПЛАТНО,Абонемент УЛЬТРА 1 МЕСЯЦ БЕСПЛАТНО,C59,0,"#,##0.00",0,0.0,equal,exact_name,0,18
https://fitnes-imperiya.fitbase.io/ticket/update?id=317,Столица,Абонемент УЛЬТРА 12 + 2 лета в подарок,Абонемент УЛЬТРА 12 + 2 лета в подарок,C60,11990,"#,##0.00",11990,11.0,thousands_prefix,exact_name,0,58
https://fitnes-imperiya.fitbase.io/ticket/update?id=318,Столица,Абонемент УЛЬТРА 12 месяцев,Абонемент УЛЬТРА 12 месяцев,C61,11990,"#,##0.00",11990,11.0,thousands_prefix,exact_name,149,4864
https://fitnes-imperiya.fitbase.io/ticket/update?id=319,Столица,Абонемент УЛЬТРА 12 месяцев (акция 2 мес. в подарок),Абонемент УЛЬТРА 12 месяцев (акция 2 мес. в подарок),C62,15990,"#,##0.00",15990,15.0,thousands_prefix,exact_name,2,20
https://fitnes-imperiya.fitbase.io/ticket/update?id=320,Столица,"Абонемент УЛЬТРА 12 месяцев (акция 2 мес. в подарок) Ровио,3","Абонемент УЛЬТРА 12 месяцев (акция 2 мес. в подарок) Ровио,3",C63,13990,"#,##0.00",13990,13.0,thousands_prefix,exact_name,0,0
https://fitnes-imperiya.fitbase.io/ticket/update?id=321,Столица,Абонемент УЛЬТРА 12 месяцев (акция 3 мес. в подарок),Абонемент УЛЬТРА 12 месяцев (акция 3 мес. в подарок),C64,11990,"#,##0.00",11990,11.0,thousands_prefix,exact_name,17,51
https://fitnes-imperiya.fitbase.io/ticket/update?id=322,Столица,"Абонемент УЛЬТРА 12 месяцев (акция 3 мес. в подарок) Ровио,3","Абонемент УЛЬТРА 12 месяцев (акция 3 мес. в подарок) Ровио,3",C65,15990,"#,##0.00",15990,15.0,thousands_prefix,exact_name,0,0
https://fitnes-imperiya.fitbase.io/ticket/update?id=323,Столица,Абонемент УЛЬТРА 12 месяцев (акция 6 мес. в подарок),Абонемент УЛЬТРА 12 месяцев (акция 6 мес. в подарок),C66,15990,"#,##0.00",15990,15.0,thousands_prefix,exact_name,30,35
https://fitnes-imperiya.fitbase.io/ticket/update?id=324,Столица,"Абонемент УЛЬТРА 12 месяцев (акция 6 мес. в подарок) Ровио,3","Абонемент УЛЬТРА 12 месяцев (акция 6 мес. в подарок) Ровио,3",C67,17990,"#,##0.00",17990,17.0,thousands_prefix,exact_name,0,0
https://fitnes-imperiya.fitbase.io/ticket/update?id=325,Столица,"Абонемент УЛЬТРА 12 месяцев (Ровио,3)","Абонемент УЛЬТРА 12 месяцев (Ровио,3)",C68,15990,"#,##0.00",15990,15.0,thousands_prefix,exact_name,0,0
https://fitnes-imperiya.fitbase.io/ticket/update?id=326,Столица,Абонемент УЛЬТРА 12 месяцев + 3 месяца заморозки в подарок,Абонемент УЛЬТРА 12 месяцев + 3 месяца заморозки в подарок,C69,0,"#,##0.00",0,0.0,equal,exact_name,0,12
https://fitnes-imperiya.fitbase.io/ticket/update?id=327,Столица,Абонемент УЛЬТРА 12 месяцев + 3 месяца заморозки в подарок (Рови,Абонемент УЛЬТРА 12 месяцев + 3 месяца заморозки в подарок (Ровио),C70,13990,"#,##0.00",13990,13.0,thousands_prefix,unique_short_truncated_suffix,0,0
https://fitnes-imperiya.fitbase.io/ticket/update?id=328,Столица,Абонемент УЛЬТРА 12 месяцев ДВОЙНОЕ / СЕМЕЙНЫЙ,Абонемент УЛЬТРА 12 месяцев ДВОЙНОЕ / СЕМЕЙНЫЙ,C71,4035,"#,##0.00",4035,4.0,thousands_prefix,exact_name,13,345
https://fitnes-imperiya.fitbase.io/ticket/update?id=329,Столица,Абонемент УЛЬТРА 12 месяцев СПЕЦПРЕДЛОЖЕНИЕ,Абонемент УЛЬТРА 12 месяцев СПЕЦПРЕДЛОЖЕНИЕ,C72,12990,"#,##0.00",12990,0.0,zero,exact_name,52,327
https://fitnes-imperiya.fitbase.io/ticket/update?id=330,Столица,Абонемент УЛЬТРА 12 месяцев СПЕЦПРЕДЛОЖЕНИЕ (вип),Абонемент УЛЬТРА 12 месяцев СПЕЦПРЕДЛОЖЕНИЕ (вип),C73,10990,"#,##0.00",10990,10.0,thousands_prefix,exact_name,63,67
https://fitnes-imperiya.fitbase.io/ticket/update?id=331,Столица,"Абонемент УЛЬТРА 12 месяцев СПЕЦПРЕДЛОЖЕНИЕ (Промышленная,10)","Абонемент УЛЬТРА 12 месяцев СПЕЦПРЕДЛОЖЕНИЕ (Промышленная,10)",C74,7989,"#,##0.00",7989,7.0,thousands_prefix,exact_name,0,0
https://fitnes-imperiya.fitbase.io/ticket/update?id=332,Столица,Абонемент УЛЬТРА 12 месяцев СПЕЦПРЕДЛОЖЕНИЕ+подарок,Абонемент УЛЬТРА 12 месяцев СПЕЦПРЕДЛОЖЕНИЕ+подарок,C75,0,"#,##0.00",0,11.0,other,exact_name,26,26
https://fitnes-imperiya.fitbase.io/ticket/update?id=333,Столица,Абонемент УЛЬТРА 12+2 месяца в подарок,Абонемент УЛЬТРА 12+2 месяца в подарок,C76,11990,"#,##0.00",11990,11.0,thousands_prefix,exact_name,0,249
https://fitnes-imperiya.fitbase.io/ticket/update?id=334,Столица,Абонемент УЛЬТРА 12+2 месяца в подарок (Ровио),Абонемент УЛЬТРА 12+2 месяца в подарок (Ровио),C77,13990,"#,##0.00",13990,13.0,thousands_prefix,exact_name,0,0
https://fitnes-imperiya.fitbase.io/ticket/update?id=335,Столица,Абонемент УЛЬТРА 12+6 месяцев,Абонемент УЛЬТРА 12+6 месяцев,C78,14991,"#,##0.00",14991,14.0,thousands_prefix,exact_name,0,27
https://fitnes-imperiya.fitbase.io/ticket/update?id=336,Столица,Абонемент УЛЬТРА 15 месяцев,Абонемент УЛЬТРА 15 месяцев,C79,0,"#,##0.00",0,0.0,equal,exact_name,0,4
https://fitnes-imperiya.fitbase.io/ticket/update?id=337,Столица,Абонемент Ультра 15 месяцев (подарок),Абонемент Ультра 15 месяцев (подарок),C80,12990,"#,##0.00",12990,12.0,thousands_prefix,exact_name,136,202
https://fitnes-imperiya.fitbase.io/ticket/update?id=338,Столица,Абонемент УЛЬТРА 15 месяцев (рассрочка),Абонемент УЛЬТРА 15 месяцев (рассрочка),C81,12990,"#,##0.00",12990,12.0,thousands_prefix,exact_name,0,0
https://fitnes-imperiya.fitbase.io/ticket/update?id=339,Столица,Абонемент УЛЬТРА 15 месяцев + 3 месяца заморозки в подарок(Ровио,Абонемент УЛЬТРА 15 месяцев + 3 месяца заморозки в подарок(Ровио),C82,14990,"#,##0.00",14990,14.0,thousands_prefix,unique_short_truncated_suffix,0,0
https://fitnes-imperiya.fitbase.io/ticket/update?id=340,Столица,Абонемент УЛЬТРА 24 месяца,Абонемент УЛЬТРА 24 месяца,C84,23000,"#,##0.00",23000,23.0,thousands_prefix,exact_name,1,41
https://fitnes-imperiya.fitbase.io/ticket/update?id=341,Столица,Абонемент УЛЬТРА 3 месяца,Абонемент УЛЬТРА 3 месяца,C85,8000,"#,##0.00",8000,8.0,thousands_prefix,exact_name,3,175
https://fitnes-imperiya.fitbase.io/ticket/update?id=342,Столица,Абонемент УЛЬТРА 6 месяцев СПЕЦПРЕДЛОЖЕНИЕ,Абонемент УЛЬТРА 6 месяцев СПЕЦПРЕДЛОЖЕНИЕ,C86,7000,"#,##0.00",7000,7.0,thousands_prefix,exact_name,0,1
https://fitnes-imperiya.fitbase.io/ticket/update?id=343,Столица,Абонемент УЛЬТРА 6+6 месяцев,Абонемент УЛЬТРА 6+6 месяцев,C87,13991,"#,##0.00",13991,13.0,thousands_prefix,exact_name,0,27
https://fitnes-imperiya.fitbase.io/ticket/update?id=344,Столица,Абонемент УЛЬТРА 9 месяцев,Абонемент УЛЬТРА 9 месяцев,C88,14990,"#,##0.00",14990,14.0,thousands_prefix,exact_name,0,67
https://fitnes-imperiya.fitbase.io/ticket/update?id=345,Столица,Абонемент УЛЬТРА 9 месяцев (3 месяца заморозки в подарок),Абонемент УЛЬТРА 9 месяцев (3 месяца заморозки в подарок),C89,13990,"#,##0.00",13990,13.0,thousands_prefix,exact_name,0,1
https://fitnes-imperiya.fitbase.io/ticket/update?id=346,Столица,Абонемент УЛЬТРА 9 месяцев (3 месяца заморозки в подарок) Ровио,Абонемент УЛЬТРА 9 месяцев (3 месяца заморозки в подарок) Ровио,C90,12990,"#,##0.00",12990,12.0,thousands_prefix,exact_name,0,0
https://fitnes-imperiya.fitbase.io/ticket/update?id=347,Столица,Абонемент УЛЬТРА 9 месяцев (6 месяцев в подарок),Абонемент УЛЬТРА 9 месяцев (6 месяцев в подарок),C91,15990,"#,##0.00",15990,0.0,zero,exact_name,0,0
https://fitnes-imperiya.fitbase.io/ticket/update?id=348,Столица,Абонемент УЛЬТРА 9 месяцев СПЕЦПРЕДЛОЖЕНИЕ,Абонемент УЛЬТРА 9 месяцев СПЕЦПРЕДЛОЖЕНИЕ,C92,9900,"#,##0.00",9900,9.0,thousands_prefix,exact_name,0,2
https://fitnes-imperiya.fitbase.io/ticket/update?id=349,Столица,Абонемент УЛЬТРА 9 месяцев+3 месяца в подарок (Ровио),Абонемент УЛЬТРА 9 месяцев+3 месяца в подарок (Ровио),C93,12990,"#,##0.00",12990,12.0,thousands_prefix,exact_name,0,1
https://fitnes-imperiya.fitbase.io/ticket/update?id=350,Столица,Пробное посещение АКВА,Пробное посещение АКВА,C102,500,"#,##0.00",500,500.0,equal,exact_name,0,0
https://fitnes-imperiya.fitbase.io/ticket/update?id=351,Столица,Разовое посещение АКВА,Разовое посещение АКВА,C103,450,"#,##0.00",450,450.0,equal,exact_name,0,0
https://fitnes-imperiya.fitbase.io/ticket/update?id=352,Столица,"Студенческий абонемент 4 месяца 6 900,00","Студенческий абонемент 4 месяца 6 900,00",C104,6900,"#,##0.00",6900,6.0,thousands_prefix,exact_name,0,26
https://fitnes-imperiya.fitbase.io/ticket/update?id=353,Столица,Студенческий дневной абонемент 9 месяцев,Студенческий дневной абонемент 9 месяцев,C105,8900,"#,##0.00",8900,8.0,thousands_prefix,exact_name,0,2
https://fitnes-imperiya.fitbase.io/ticket/update?id=354,Столица,Студенческий дневной абонемент 9 месяцев (посещение клуба до 17:,Студенческий дневной абонемент 9 месяцев (посещение клуба до 17:00),C106,8900,"#,##0.00",8900,8.0,thousands_prefix,unique_short_truncated_suffix,1,6
https://fitnes-imperiya.fitbase.io/ticket/update?id=355,Столица,СУБАРЕНДА 10 посещений,СУБАРЕНДА 10 посещений,C107,13000,"#,##0.00",13000,13.0,thousands_prefix,exact_name,0,1
https://fitnes-imperiya.fitbase.io/ticket/update?id=356,Столица,СУБАРЕНДА 12 посещений,СУБАРЕНДА 12 посещений,C108,20000,"#,##0.00",20000,20.0,thousands_prefix,exact_name,5,157
https://fitnes-imperiya.fitbase.io/ticket/update?id=357,Столица,СУБАРЕНДА 15 посещений,СУБАРЕНДА 15 посещений,C109,20000,"#,##0.00",20000,22.0,other,exact_name,2,131
https://fitnes-imperiya.fitbase.io/ticket/update?id=358,Столица,СУБАРЕНДА 20 посещений,СУБАРЕНДА 20 посещений,C110,22500,"#,##0.00",22500,22.0,thousands_prefix,exact_name,0,2
https://fitnes-imperiya.fitbase.io/ticket/update?id=359,Столица,СУБАРЕНДА 8 посещений,СУБАРЕНДА 8 посещений,C111,15000,"#,##0.00",15000,15.0,thousands_prefix,exact_name,1,45
https://fitnes-imperiya.fitbase.io/ticket/update?id=360,Столица,СУБАРЕНДА безлимит,СУБАРЕНДА безлимит,C112,28000,"#,##0.00",28000,28.0,thousands_prefix,exact_name,1,103
https://fitnes-imperiya.fitbase.io/ticket/update?id=361,Столица,СУБАРЕНДА безлимит неделя Савостьянова Ксения,СУБАРЕНДА безлимит неделя Савостьянова Ксения,C113,3000,"#,##0.00",3000,3.0,thousands_prefix,exact_name,0,0
https://fitnes-imperiya.fitbase.io/ticket/update?id=362,Столица,СУБАРЕНДА безлимит Савостьянова Ксения,СУБАРЕНДА безлимит Савостьянова Ксения,C114,10000,"#,##0.00",10000,10.0,thousands_prefix,exact_name,0,0
https://fitnes-imperiya.fitbase.io/ticket/update?id=363,Столица,УЛЬТРА 12 месяцев + 2 месяца заморозки в подарок (Ровио),УЛЬТРА 12 месяцев + 2 месяца заморозки в подарок (Ровио),C116,14990,"#,##0.00",14990,14.0,thousands_prefix,exact_name,0,0
https://fitnes-imperiya.fitbase.io/ticket/update?id=364,Столица,УЛЬТРА 12 месяцев + подарок,УЛЬТРА 12 месяцев + подарок,C117,11990,"#,##0.00",11990,11.0,thousands_prefix,exact_name,55,72
https://fitnes-imperiya.fitbase.io/ticket/update?id=365,Столица,УЛЬТРА 6 месяцев + 3 месяца в подарок,УЛЬТРА 6 месяцев + 3 месяца в подарок,C118,14990,"#,##0.00",14990,14.0,thousands_prefix,exact_name,0,4
https://fitnes-imperiya.fitbase.io/ticket/update?id=366,Столица,УЛЬТРА 9 месяцев (подарок),УЛЬТРА 9 месяцев (подарок),C119,10990,"#,##0.00",10990,14.0,other,exact_name,17,51
https://fitnes-imperiya.fitbase.io/ticket/update?id=367,Столица,"Холодные 13 900,00 МУЛЬТИ 24 месяца","Холодные 13 900,00 МУЛЬТИ 24 месяца",C121,13900,"#,##0.00",13900,13.0,thousands_prefix,exact_name,0,6
https://fitnes-imperiya.fitbase.io/ticket/update?id=368,Столица,"Холодные 9 900,00 УЛЬТРА 12 месяцев","Холодные 9 900,00 УЛЬТРА 12 месяцев",C123,9900,"#,##0.00",9900,9.0,thousands_prefix,exact_name,0,2
https://fitnes-imperiya.fitbase.io/ticket/update?id=369,Столица,Членство детская йога,Членство детская йога,C124,0,"#,##0.00",0,0.0,equal,exact_name,0,0
https://fitnes-imperiya.fitbase.io/ticket/update?id=372,"Гоголевский, Промышленная, Ровио, Столица",Абонемент тест,,,,,,3100.0,unmatched_name,,0,0
https://fitnes-imperiya.fitbase.io/ticket/update?id=375,"Гоголевский, Промышленная, Ровио, Столица",тест,,,,,,15000.0,unmatched_name,,0,0
https://fitnes-imperiya.fitbase.io/ticket/update?id=381,Столица,"Тариф Дневной. Вступительный взнос 1 500, ежемесячно 1 500",,,,,,3000.0,unmatched_name,,0,0
https://fitnes-imperiya.fitbase.io/ticket/update?id=389,Столица,"Тариф Сетевой. Вступительный взнос 1 500, ежемесячно 2 000",,,,,,3500.0,unmatched_name,,0,0
https://fitnes-imperiya.fitbase.io/ticket/update?id=392,Столица,Годовой,,,,,,19000.0,unmatched_name,,0,0
https://fitnes-imperiya.fitbase.io/ticket/update?id=393,"Гоголевский, Промышленная, Ровио, Столица",Подписка тест,,,,,,50.0,unmatched_name,,0,0
https://fitnes-imperiya.fitbase.io/ticket/update?id=394,"Гоголевский, Промышленная, Ровио, Столица",Подписка тест2,,,,,,50.0,unmatched_name,,0,0
https://fitnes-imperiya.fitbase.io/ticket/update?id=395,"Гоголевский, Промышленная, Ровио, Столица",Подписка тест3,,,,,,50.0,unmatched_name,,0,0
https://fitnes-imperiya.fitbase.io/ticket/update?id=396,"Гоголевский, Промышленная, Ровио, Столица",ТЕСТ 03.09,,,,,,10.0,unmatched_name,,0,0
https://fitnes-imperiya.fitbase.io/ticket/update?id=397,"Гоголевский, Промышленная, Ровио, Столица",тест 03.09(2),,,,,,15.0,unmatched_name,,0,0
https://fitnes-imperiya.fitbase.io/ticket/update?id=398,"Гоголевский, Промышленная, Ровио, Столица",ТЕСТ 03.09 (3),,,,,,16.0,unmatched_name,,0,0
https://fitnes-imperiya.fitbase.io/ticket/update?id=399,"Гоголевский, Промышленная, Ровио, Столица",Тест 04.09,,,,,,20.0,unmatched_name,,0,0
https://fitnes-imperiya.fitbase.io/ticket/update?id=400,"Гоголевский, Промышленная, Ровио, Столица",Подписка месяц тест,,,,,,11.0,unmatched_name,,0,0
https://fitnes-imperiya.fitbase.io/ticket/update?id=428,"Гоголевский, Промышленная, Ровио, Столица","Тариф Сетевой. Вступительный взнос 1 000, ежемесячно 2 000",,,,,,3000.0,unmatched_name,,0,0
https://fitnes-imperiya.fitbase.io/ticket/update?id=432,Столица,"Тариф Дневной. Вступительный взнос 1 000, ежемесячно 1 500",,,,,,2500.0,unmatched_name,,0,0
https://fitnes-imperiya.fitbase.io/ticket/update?id=433,Столица,"Тариф Клубный. Вступительный взнос 1 000, ежемесячно 1 800",,,,,,2800.0,unmatched_name,,0,0
https://fitnes-imperiya.fitbase.io/ticket/update?id=434,Столица,"Тариф Клубный. Вступительный взнос 1 500, ежемесячно 1 800",,,,,,2800.0,unmatched_name,,0,0
https://fitnes-imperiya.fitbase.io/ticket/update?id=1,Гоголевский,Абонемент 10 ДНЕЙ,Абонемент 10 ДНЕЙ,C3,0,"#,##0.00",0,0.0,equal,exact_name,0,82
https://fitnes-imperiya.fitbase.io/ticket/update?id=2,Гоголевский,Абонемент 2 недели Фитнес,Абонемент 2 недели Фитнес,C5,490,"#,##0.00",490,490.0,equal,exact_name,0,219
https://fitnes-imperiya.fitbase.io/ticket/update?id=3,Гоголевский,Абонемент в солярий на 100 минут,Абонемент в солярий на 100 минут,C6,2000,"#,##0.00",2000,2000.0,equal,exact_name,0,439
https://fitnes-imperiya.fitbase.io/ticket/update?id=4,Гоголевский,Абонемент в солярий на 100+50 минут,Абонемент в солярий на 100+50 минут,C7,1200,"#,##0.00",1200,1200.0,equal,exact_name,0,82
https://fitnes-imperiya.fitbase.io/ticket/update?id=5,Гоголевский,Абонемент в солярий на 50 + 50 минут,Абонемент в солярий на 50 + 50 минут,C8,900,"#,##0.00",900,900.0,equal,exact_name,0,95
https://fitnes-imperiya.fitbase.io/ticket/update?id=6,Гоголевский,Абонемент в солярий на 50 минут,Абонемент в солярий на 50 минут,C9,1500,"#,##0.00",1500,1500.0,equal,exact_name,1,393
https://fitnes-imperiya.fitbase.io/ticket/update?id=7,Гоголевский,Абонемент в солярий на 80 минут,Абонемент в солярий на 80 минут,C10,0,"#,##0.00",0,0.0,equal,exact_name,0,2
https://fitnes-imperiya.fitbase.io/ticket/update?id=8,Гоголевский,АБОНЕМЕНТ ДЖАМПИНГ 12 пос,АБОНЕМЕНТ ДЖАМПИНГ 12 пос,C11,3600,"#,##0.00",3600,3600.0,equal,exact_name,0,5
https://fitnes-imperiya.fitbase.io/ticket/update?id=9,Гоголевский,АБОНЕМЕНТ ДЖАМПИНГ 8 пос,АБОНЕМЕНТ ДЖАМПИНГ 8 пос,C12,3480,"#,##0.00",3480,3480.0,equal,exact_name,0,2
https://fitnes-imperiya.fitbase.io/ticket/update?id=10,Гоголевский,"АБОНЕМЕНТ лимфодренажная тренировка (10 посещений),1 мес.","АБОНЕМЕНТ лимфодренажная тренировка (10 посещений),1 мес.",C13,7500,"#,##0.00",7500,7500.0,equal,exact_name,0,12
https://fitnes-imperiya.fitbase.io/ticket/update?id=11,Гоголевский,Абонемент МУЛЬТИ 24 месяцев,Абонемент МУЛЬТИ 24 месяцев,C14,23980,"#,##0.00",23980,23980.0,equal,exact_name,12,327
https://fitnes-imperiya.fitbase.io/ticket/update?id=12,Гоголевский,Абонемент МУЛЬТИ 6+6 месяцев,Абонемент МУЛЬТИ 6+6 месяцев,C15,13990,"#,##0.00",13990,13990.0,equal,exact_name,0,54
https://fitnes-imperiya.fitbase.io/ticket/update?id=24,Гоголевский,"Абонемент МУЛЬТИКАРТА 12 месяцев СПЕЦПРЕДЛОЖЕНИЕ(Промышленная,10","Абонемент МУЛЬТИКАРТА 12 месяцев СПЕЦПРЕДЛОЖЕНИЕ(Промышленная,10)",C31,0,"#,##0.00",0,0.0,equal,unique_short_truncated_suffix,0,1
https://fitnes-imperiya.fitbase.io/ticket/update?id=32,Гоголевский,Абонемент НЕДЕЛЯ ДРУГ,Абонемент НЕДЕЛЯ ДРУГ,C40,0,"#,##0.00",0,0.0,equal,exact_name,0,2377
https://fitnes-imperiya.fitbase.io/ticket/update?id=33,Гоголевский,Абонемент НЕДЕЛЯ КАРЕЛЬСКИЙ,Абонемент НЕДЕЛЯ КАРЕЛЬСКИЙ,C41,0,"#,##0.00",0,0.0,equal,exact_name,0,0
https://fitnes-imperiya.fitbase.io/ticket/update?id=34,Гоголевский,Абонемент Неделя марафон,Абонемент Неделя марафон,C42,0,"#,##0.00",0,0.0,equal,exact_name,0,34
https://fitnes-imperiya.fitbase.io/ticket/update?id=35,Гоголевский,Абонемент НЕДЕЛЯ САЙТ,Абонемент НЕДЕЛЯ САЙТ,C43,100,"#,##0.00",100,100.0,equal,exact_name,0,3059
https://fitnes-imperiya.fitbase.io/ticket/update?id=36,Гоголевский,Абонемент Неделя сайт 2023,Абонемент Неделя сайт 2023,C44,0,"#,##0.00",0,0.0,equal,exact_name,0,271
https://fitnes-imperiya.fitbase.io/ticket/update?id=37,Гоголевский,Абонемент Неделя Фитнес,Абонемент Неделя Фитнес,C45,2500,"#,##0.00",2500,2500.0,equal,exact_name,0,182
https://fitnes-imperiya.fitbase.io/ticket/update?id=38,Гоголевский,Абонемент Неделя Фитнес (НОВЫЕ КЛИЕНТЫ),Абонемент Неделя Фитнес (НОВЫЕ КЛИЕНТЫ),C46,199,"#,##0.00",199,199.0,equal,exact_name,0,15
https://fitnes-imperiya.fitbase.io/ticket/update?id=39,Гоголевский,Абонемент Неделя Фитнес 1 рубль,Абонемент Неделя Фитнес 1 рубль,C47,1,"#,##0.00",1,1.0,equal,exact_name,0,19
https://fitnes-imperiya.fitbase.io/ticket/update?id=40,Гоголевский,Абонемент Неделя Фитнес 190 рублей,Абонемент Неделя Фитнес 190 рублей,C48,190,"#,##0.00",190,190.0,equal,exact_name,0,0
https://fitnes-imperiya.fitbase.io/ticket/update?id=41,Гоголевский,Абонемент НЕДЕЛЯ ФИТНЕСА БЕСПЛАТНО,Абонемент НЕДЕЛЯ ФИТНЕСА БЕСПЛАТНО,C49,0,"#,##0.00",0,0.0,equal,exact_name,0,198
https://fitnes-imperiya.fitbase.io/ticket/update?id=42,Гоголевский,Абонемент НЕДЕЛЯ ХОЛОДНЫЕ,Абонемент НЕДЕЛЯ ХОЛОДНЫЕ,C50,0,"#,##0.00",0,0.0,equal,exact_name,0,16
https://fitnes-imperiya.fitbase.io/ticket/update?id=43,Гоголевский,АБОНЕМЕНТ САЙКЛ 12 пос без клубной карты,АБОНЕМЕНТ САЙКЛ 12 пос без клубной карты,C51,6450,"#,##0.00",6450,6450.0,equal,exact_name,6,22
https://fitnes-imperiya.fitbase.io/ticket/update?id=44,Гоголевский,АБОНЕМЕНТ САЙКЛ 12 пос при наличии клубной карты,АБОНЕМЕНТ САЙКЛ 12 пос при наличии клубной карты,C52,3600,"#,##0.00",3600,3600.0,equal,exact_name,1,33
https://fitnes-imperiya.fitbase.io/ticket/update?id=45,Гоголевский,АБОНЕМЕНТ САЙКЛ 8 пос без клубной карты,АБОНЕМЕНТ САЙКЛ 8 пос без клубной карты,C53,5400,"#,##0.00",5400,5400.0,equal,exact_name,1,3
https://fitnes-imperiya.fitbase.io/ticket/update?id=46,Гоголевский,АБОНЕМЕНТ САЙКЛ 8 пос при наличии клубной карты,АБОНЕМЕНТ САЙКЛ 8 пос при наличии клубной карты,C54,3000,"#,##0.00",3000,3000.0,equal,exact_name,0,16
https://fitnes-imperiya.fitbase.io/ticket/update?id=47,Гоголевский,Абонемент УЛЬТРА 1 МЕСЯЦ 12 посещений,Абонемент УЛЬТРА 1 МЕСЯЦ 12 посещений,C55,3500,"#,##0.00",3500,3500.0,equal,exact_name,0,190
https://fitnes-imperiya.fitbase.io/ticket/update?id=48,Гоголевский,Абонемент УЛЬТРА 1 МЕСЯЦ 8 посещений,Абонемент УЛЬТРА 1 МЕСЯЦ 8 посещений,C56,3400,"#,##0.00",3400,3400.0,equal,exact_name,0,248
https://fitnes-imperiya.fitbase.io/ticket/update?id=49,Гоголевский,"Абонемент УЛЬТРА 1 МЕСЯЦ 990,00","Абонемент УЛЬТРА 1 МЕСЯЦ 990,00",C57,990,"#,##0.00",990,990.0,equal,exact_name,0,348
https://fitnes-imperiya.fitbase.io/ticket/update?id=50,Гоголевский,Абонемент УЛЬТРА 1 МЕСЯЦ БЕЗЛИМИТ,Абонемент УЛЬТРА 1 МЕСЯЦ БЕЗЛИМИТ,C58,4100,"#,##0.00",4100,4100.0,equal,exact_name,52,4483
https://fitnes-imperiya.fitbase.io/ticket/update?id=51,Гоголевский,Абонемент УЛЬТРА 1 МЕСЯЦ БЕСПЛАТНО,Абонемент УЛЬТРА 1 МЕСЯЦ БЕСПЛАТНО,C59,0,"#,##0.00",0,0.0,equal,exact_name,0,123
https://fitnes-imperiya.fitbase.io/ticket/update?id=52,Гоголевский,Абонемент УЛЬТРА 12 + 2 лета в подарок,Абонемент УЛЬТРА 12 + 2 лета в подарок,C60,11990,"#,##0.00",11990,11990.0,equal,exact_name,1,140
https://fitnes-imperiya.fitbase.io/ticket/update?id=53,Гоголевский,Абонемент УЛЬТРА 12 месяцев,Абонемент УЛЬТРА 12 месяцев,C61,11990,"#,##0.00",11990,11990.0,equal,exact_name,389,24541
https://fitnes-imperiya.fitbase.io/ticket/update?id=54,Гоголевский,Абонемент УЛЬТРА 12 месяцев (акция 2 мес. в подарок),Абонемент УЛЬТРА 12 месяцев (акция 2 мес. в подарок),C62,15990,"#,##0.00",15990,15990.0,equal,exact_name,10,75
https://fitnes-imperiya.fitbase.io/ticket/update?id=55,Гоголевский,"Абонемент УЛЬТРА 12 месяцев (акция 2 мес. в подарок) Ровио,3","Абонемент УЛЬТРА 12 месяцев (акция 2 мес. в подарок) Ровио,3",C63,13990,"#,##0.00",13990,13990.0,equal,exact_name,0,9
https://fitnes-imperiya.fitbase.io/ticket/update?id=56,Гоголевский,Абонемент УЛЬТРА 12 месяцев (акция 3 мес. в подарок),Абонемент УЛЬТРА 12 месяцев (акция 3 мес. в подарок),C64,11990,"#,##0.00",11990,11990.0,equal,exact_name,63,187
https://fitnes-imperiya.fitbase.io/ticket/update?id=57,Гоголевский,"Абонемент УЛЬТРА 12 месяцев (акция 3 мес. в подарок) Ровио,3","Абонемент УЛЬТРА 12 месяцев (акция 3 мес. в подарок) Ровио,3",C65,15990,"#,##0.00",15990,15990.0,equal,exact_name,3,6
https://fitnes-imperiya.fitbase.io/ticket/update?id=58,Гоголевский,Абонемент УЛЬТРА 12 месяцев (акция 6 мес. в подарок),Абонемент УЛЬТРА 12 месяцев (акция 6 мес. в подарок),C66,15990,"#,##0.00",15990,15990.0,equal,exact_name,68,82
https://fitnes-imperiya.fitbase.io/ticket/update?id=59,Гоголевский,"Абонемент УЛЬТРА 12 месяцев (акция 6 мес. в подарок) Ровио,3","Абонемент УЛЬТРА 12 месяцев (акция 6 мес. в подарок) Ровио,3",C67,17990,"#,##0.00",17990,17990.0,equal,exact_name,4,5
https://fitnes-imperiya.fitbase.io/ticket/update?id=60,Гоголевский,"Абонемент УЛЬТРА 12 месяцев (Ровио,3)","Абонемент УЛЬТРА 12 месяцев (Ровио,3)",C68,15990,"#,##0.00",15990,15990.0,equal,exact_name,1,18
https://fitnes-imperiya.fitbase.io/ticket/update?id=61,Гоголевский,Абонемент УЛЬТРА 12 месяцев + 3 месяца заморозки в подарок,Абонемент УЛЬТРА 12 месяцев + 3 месяца заморозки в подарок,C69,0,"#,##0.00",0,0.0,equal,exact_name,3,49
https://fitnes-imperiya.fitbase.io/ticket/update?id=62,Гоголевский,Абонемент УЛЬТРА 12 месяцев + 3 месяца заморозки в подарок (Рови,Абонемент УЛЬТРА 12 месяцев + 3 месяца заморозки в подарок (Ровио),C70,13990,"#,##0.00",13990,13990.0,equal,unique_short_truncated_suffix,0,4
https://fitnes-imperiya.fitbase.io/ticket/update?id=63,Гоголевский,Абонемент УЛЬТРА 12 месяцев ДВОЙНОЕ / СЕМЕЙНЫЙ,Абонемент УЛЬТРА 12 месяцев ДВОЙНОЕ / СЕМЕЙНЫЙ,C71,4035,"#,##0.00",4035,4035.0,equal,exact_name,28,1338
https://fitnes-imperiya.fitbase.io/ticket/update?id=64,Гоголевский,Абонемент УЛЬТРА 12 месяцев СПЕЦПРЕДЛОЖЕНИЕ,Абонемент УЛЬТРА 12 месяцев СПЕЦПРЕДЛОЖЕНИЕ,C72,12990,"#,##0.00",12990,0.0,zero,exact_name,150,666
https://fitnes-imperiya.fitbase.io/ticket/update?id=65,Гоголевский,Абонемент УЛЬТРА 12 месяцев СПЕЦПРЕДЛОЖЕНИЕ (вип),Абонемент УЛЬТРА 12 месяцев СПЕЦПРЕДЛОЖЕНИЕ (вип),C73,10990,"#,##0.00",10990,10990.0,equal,exact_name,277,290
https://fitnes-imperiya.fitbase.io/ticket/update?id=66,Гоголевский,"Абонемент УЛЬТРА 12 месяцев СПЕЦПРЕДЛОЖЕНИЕ (Промышленная,10)","Абонемент УЛЬТРА 12 месяцев СПЕЦПРЕДЛОЖЕНИЕ (Промышленная,10)",C74,7989,"#,##0.00",7989,7989.0,equal,exact_name,0,1
https://fitnes-imperiya.fitbase.io/ticket/update?id=67,Гоголевский,Абонемент УЛЬТРА 12 месяцев СПЕЦПРЕДЛОЖЕНИЕ+подарок,Абонемент УЛЬТРА 12 месяцев СПЕЦПРЕДЛОЖЕНИЕ+подарок,C75,0,"#,##0.00",0,11990.0,other,exact_name,131,137
https://fitnes-imperiya.fitbase.io/ticket/update?id=68,Гоголевский,Абонемент УЛЬТРА 12+2 месяца в подарок,Абонемент УЛЬТРА 12+2 месяца в подарок,C76,11990,"#,##0.00",11990,11990.0,equal,exact_name,0,291
https://fitnes-imperiya.fitbase.io/ticket/update?id=69,Гоголевский,Абонемент УЛЬТРА 12+2 месяца в подарок (Ровио),Абонемент УЛЬТРА 12+2 месяца в подарок (Ровио),C77,13990,"#,##0.00",13990,13990.0,equal,exact_name,0,0
https://fitnes-imperiya.fitbase.io/ticket/update?id=70,Гоголевский,Абонемент УЛЬТРА 12+6 месяцев,Абонемент УЛЬТРА 12+6 месяцев,C78,14991,"#,##0.00",14991,14991.0,equal,exact_name,0,65
https://fitnes-imperiya.fitbase.io/ticket/update?id=71,Гоголевский,Абонемент УЛЬТРА 15 месяцев,Абонемент УЛЬТРА 15 месяцев,C79,0,"#,##0.00",0,0.0,equal,exact_name,2,13
https://fitnes-imperiya.fitbase.io/ticket/update?id=72,Гоголевский,Абонемент Ультра 15 месяцев (подарок),Абонемент Ультра 15 месяцев (подарок),C80,12990,"#,##0.00",12990,12990.0,equal,exact_name,330,479
https://fitnes-imperiya.fitbase.io/ticket/update?id=73,Гоголевский,Абонемент УЛЬТРА 15 месяцев (рассрочка),Абонемент УЛЬТРА 15 месяцев (рассрочка),C81,12990,"#,##0.00",12990,12990.0,equal,exact_name,2,2
https://fitnes-imperiya.fitbase.io/ticket/update?id=74,Гоголевский,Абонемент УЛЬТРА 15 месяцев + 3 месяца заморозки в подарок(Ровио,Абонемент УЛЬТРА 15 месяцев + 3 месяца заморозки в подарок(Ровио),C82,14990,"#,##0.00",14990,14990.0,equal,unique_short_truncated_suffix,0,0
https://fitnes-imperiya.fitbase.io/ticket/update?id=75,Гоголевский,Абонемент УЛЬТРА 24 месяца,Абонемент УЛЬТРА 24 месяца,C84,23000,"#,##0.00",23000,23000.0,equal,exact_name,12,230
https://fitnes-imperiya.fitbase.io/ticket/update?id=76,Гоголевский,Абонемент УЛЬТРА 3 месяца,Абонемент УЛЬТРА 3 месяца,C85,8000,"#,##0.00",8000,8000.0,equal,exact_name,4,442
https://fitnes-imperiya.fitbase.io/ticket/update?id=77,Гоголевский,Абонемент УЛЬТРА 6 месяцев СПЕЦПРЕДЛОЖЕНИЕ,Абонемент УЛЬТРА 6 месяцев СПЕЦПРЕДЛОЖЕНИЕ,C86,7000,"#,##0.00",7000,7000.0,equal,exact_name,1,10
https://fitnes-imperiya.fitbase.io/ticket/update?id=78,Гоголевский,Абонемент УЛЬТРА 6+6 месяцев,Абонемент УЛЬТРА 6+6 месяцев,C87,13991,"#,##0.00",13991,13991.0,equal,exact_name,0,128
https://fitnes-imperiya.fitbase.io/ticket/update?id=79,Гоголевский,Абонемент УЛЬТРА 9 месяцев,Абонемент УЛЬТРА 9 месяцев,C88,14990,"#,##0.00",14990,14990.0,equal,exact_name,0,120
https://fitnes-imperiya.fitbase.io/ticket/update?id=80,Гоголевский,Абонемент УЛЬТРА 9 месяцев (3 месяца заморозки в подарок),Абонемент УЛЬТРА 9 месяцев (3 месяца заморозки в подарок),C89,13990,"#,##0.00",13990,13990.0,equal,exact_name,0,21
https://fitnes-imperiya.fitbase.io/ticket/update?id=81,Гоголевский,Абонемент УЛЬТРА 9 месяцев (3 месяца заморозки в подарок) Ровио,Абонемент УЛЬТРА 9 месяцев (3 месяца заморозки в подарок) Ровио,C90,12990,"#,##0.00",12990,12990.0,equal,exact_name,0,0
https://fitnes-imperiya.fitbase.io/ticket/update?id=82,Гоголевский,Абонемент УЛЬТРА 9 месяцев (6 месяцев в подарок),Абонемент УЛЬТРА 9 месяцев (6 месяцев в подарок),C91,15990,"#,##0.00",15990,0.0,zero,exact_name,0,0
https://fitnes-imperiya.fitbase.io/ticket/update?id=83,Гоголевский,Абонемент УЛЬТРА 9 месяцев СПЕЦПРЕДЛОЖЕНИЕ,Абонемент УЛЬТРА 9 месяцев СПЕЦПРЕДЛОЖЕНИЕ,C92,9900,"#,##0.00",9900,9900.0,equal,exact_name,0,16
https://fitnes-imperiya.fitbase.io/ticket/update?id=84,Гоголевский,Абонемент УЛЬТРА 9 месяцев+3 месяца в подарок (Ровио),Абонемент УЛЬТРА 9 месяцев+3 месяца в подарок (Ровио),C93,12990,"#,##0.00",12990,12990.0,equal,exact_name,0,0
https://fitnes-imperiya.fitbase.io/ticket/update?id=93,Гоголевский,Пробное посещение АКВА,Пробное посещение АКВА,C102,500,"#,##0.00",500,500.0,equal,exact_name,0,1
https://fitnes-imperiya.fitbase.io/ticket/update?id=94,Гоголевский,Разовое посещение АКВА,Разовое посещение АКВА,C103,450,"#,##0.00",450,450.0,equal,exact_name,0,0
https://fitnes-imperiya.fitbase.io/ticket/update?id=95,Гоголевский,"Студенческий абонемент 4 месяца 6 900,00","Студенческий абонемент 4 месяца 6 900,00",C104,6900,"#,##0.00",6900,6900.0,equal,exact_name,0,176
https://fitnes-imperiya.fitbase.io/ticket/update?id=96,Гоголевский,Студенческий дневной абонемент 9 месяцев,Студенческий дневной абонемент 9 месяцев,C105,8900,"#,##0.00",8900,8900.0,equal,exact_name,0,4
https://fitnes-imperiya.fitbase.io/ticket/update?id=97,Гоголевский,Студенческий дневной абонемент 9 месяцев (посещение клуба до 17:,Студенческий дневной абонемент 9 месяцев (посещение клуба до 17:00),C106,8900,"#,##0.00",8900,8900.0,equal,unique_short_truncated_suffix,5,35
https://fitnes-imperiya.fitbase.io/ticket/update?id=98,Гоголевский,СУБАРЕНДА 10 посещений,СУБАРЕНДА 10 посещений,C107,13000,"#,##0.00",13000,13000.0,equal,exact_name,0,10
https://fitnes-imperiya.fitbase.io/ticket/update?id=99,Гоголевский,СУБАРЕНДА 12 посещений,СУБАРЕНДА 12 посещений,C108,20000,"#,##0.00",20000,20000.0,equal,exact_name,4,225
https://fitnes-imperiya.fitbase.io/ticket/update?id=100,Гоголевский,СУБАРЕНДА 15 посещений,СУБАРЕНДА 15 посещений,C109,20000,"#,##0.00",20000,22000.0,other,exact_name,0,163
https://fitnes-imperiya.fitbase.io/ticket/update?id=101,Гоголевский,СУБАРЕНДА 20 посещений,СУБАРЕНДА 20 посещений,C110,22500,"#,##0.00",22500,22500.0,equal,exact_name,0,1
https://fitnes-imperiya.fitbase.io/ticket/update?id=102,Гоголевский,СУБАРЕНДА 8 посещений,СУБАРЕНДА 8 посещений,C111,15000,"#,##0.00",15000,15000.0,equal,exact_name,1,46
https://fitnes-imperiya.fitbase.io/ticket/update?id=103,Гоголевский,СУБАРЕНДА безлимит,СУБАРЕНДА безлимит,C112,28000,"#,##0.00",28000,28000.0,equal,exact_name,6,398
https://fitnes-imperiya.fitbase.io/ticket/update?id=104,Гоголевский,СУБАРЕНДА безлимит неделя Савостьянова Ксения,СУБАРЕНДА безлимит неделя Савостьянова Ксения,C113,3000,"#,##0.00",3000,3000.0,equal,exact_name,0,3
https://fitnes-imperiya.fitbase.io/ticket/update?id=105,Гоголевский,СУБАРЕНДА безлимит Савостьянова Ксения,СУБАРЕНДА безлимит Савостьянова Ксения,C114,10000,"#,##0.00",10000,10000.0,equal,exact_name,0,7
https://fitnes-imperiya.fitbase.io/ticket/update?id=106,Гоголевский,УЛЬТРА 12 месяцев + 2 месяца заморозки в подарок (Ровио),УЛЬТРА 12 месяцев + 2 месяца заморозки в подарок (Ровио),C116,14990,"#,##0.00",14990,14990.0,equal,exact_name,1,2
https://fitnes-imperiya.fitbase.io/ticket/update?id=107,Гоголевский,УЛЬТРА 12 месяцев + подарок,УЛЬТРА 12 месяцев + подарок,C117,11990,"#,##0.00",11990,11990.0,equal,exact_name,222,293
https://fitnes-imperiya.fitbase.io/ticket/update?id=108,Гоголевский,УЛЬТРА 6 месяцев + 3 месяца в подарок,УЛЬТРА 6 месяцев + 3 месяца в подарок,C118,14990,"#,##0.00",14990,14990.0,equal,exact_name,0,5
https://fitnes-imperiya.fitbase.io/ticket/update?id=109,Гоголевский,УЛЬТРА 9 месяцев (подарок),УЛЬТРА 9 месяцев (подарок),C119,10990,"#,##0.00",10990,14990.0,other,exact_name,42,100
https://fitnes-imperiya.fitbase.io/ticket/update?id=110,Гоголевский,"Холодные 13 900,00 МУЛЬТИ 24 месяца","Холодные 13 900,00 МУЛЬТИ 24 месяца",C121,13900,"#,##0.00",13900,13900.0,equal,exact_name,0,3
https://fitnes-imperiya.fitbase.io/ticket/update?id=112,Гоголевский,"Холодные 9 900,00 УЛЬТРА 12 месяцев","Холодные 9 900,00 УЛЬТРА 12 месяцев",C123,9900,"#,##0.00",9900,9900.0,equal,exact_name,0,6
https://fitnes-imperiya.fitbase.io/ticket/update?id=113,Гоголевский,Членство детская йога,Членство детская йога,C124,0,"#,##0.00",0,0.0,equal,exact_name,0,2
https://fitnes-imperiya.fitbase.io/ticket/update?id=374,Гоголевский,подписка в 1 клуб,,,,,,2000.0,unmatched_name,,0,0
https://fitnes-imperiya.fitbase.io/ticket/update?id=376,Гоголевский,"Тариф Дневной. Вступительный взнос 1500,ежемесячно 1500",,,,,,3000.0,unmatched_name,,0,0
https://fitnes-imperiya.fitbase.io/ticket/update?id=377,Гоголевский,"Тариф Клубный. Вступительный взнос 1 500, ежемесячно 1 800",,,,,,3300.0,unmatched_name,,0,0
https://fitnes-imperiya.fitbase.io/ticket/update?id=378,Гоголевский,"Тариф Сетевой. Вступительный взнос 1 500, ежемесячно 2 000",,,,,,3500.0,unmatched_name,,0,0
https://fitnes-imperiya.fitbase.io/ticket/update?id=379,Гоголевский,Годовой,,,,,,19000.0,unmatched_name,,0,0
https://fitnes-imperiya.fitbase.io/ticket/update?id=435,Гоголевский,"Тариф Дневной. Вступительный взнос 1 000,ежемесячно 1500",,,,,,2500.0,unmatched_name,,0,0
https://fitnes-imperiya.fitbase.io/ticket/update?id=436,Гоголевский,"Тариф Клубный. Вступительный взнос 1 000, ежемесячно 1 800",,,,,,2800.0,unmatched_name,,0,0
https://fitnes-imperiya.fitbase.io/ticket/update?id=371,"Гоголевский, Промышленная, Ровио, Столица",TEST-AZA,,,,,,20000.0,unmatched_name,,0,0
https://fitnes-imperiya.fitbase.io/ticket/update?id=373,"Гоголевский, Промышленная, Ровио, Столица",Абонемент тест,,,,,,3500.0,unmatched_name,,0,0
https://fitnes-imperiya.fitbase.io/ticket/update?id=382,Гоголевский,Клубный,,,,,,1800.0,unmatched_name,,0,0
https://fitnes-imperiya.fitbase.io/ticket/update?id=385,"Гоголевский, Промышленная, Ровио, Столица","Тариф Клубный. Вступительный взнос 1 500, ежемесячно 1 800",,,,,,3300.0,unmatched_name,,0,0
https://fitnes-imperiya.fitbase.io/ticket/update?id=401,Гоголевский,Абонемент МУЛЬТИКАРТА 12 месяцев (рассрочка),Абонемент МУЛЬТИКАРТА 12 месяцев (рассрочка),C20,14990,"#,##0.00",14990,1.0,one,exact_name,2,3
https://fitnes-imperiya.fitbase.io/ticket/update?id=402,Гоголевский,Абонемент МУЛЬТИКАРТА 12 месяцев (Спецпредложение) рассрочка,Абонемент МУЛЬТИКАРТА 12 месяцев (Спецпредложение) рассрочка,C21,10990,"#,##0.00",10990,1.0,one,exact_name,16,17
https://fitnes-imperiya.fitbase.io/ticket/update?id=403,Гоголевский,Абонемент МУЛЬТИКАРТА 15 месяцев спецпредложение (рассрочка),Абонемент МУЛЬТИКАРТА 15 месяцев спецпредложение (рассрочка),C37,10990,"#,##0.00",10990,1.0,one,exact_name,11,12
https://fitnes-imperiya.fitbase.io/ticket/update?id=404,Гоголевский,Абонемент МУЛЬТИКАРТА 12 месяцев СПЕЦПРЕДЛОЖЕНИЕ (рассрочка),Абонемент МУЛЬТИКАРТА 12 месяцев СПЕЦПРЕДЛОЖЕНИЕ (рассрочка),C30,11990,"#,##0.00",11990,1.0,one,exact_name,13,13
https://fitnes-imperiya.fitbase.io/ticket/update?id=405,Гоголевский,УЛЬТРА 12 месяцев (рассрочка),УЛЬТРА 12 месяцев (рассрочка),C115,11990,"#,##0.00",11990,1.0,one,exact_name,6,6
https://fitnes-imperiya.fitbase.io/ticket/update?id=406,Гоголевский,Абонемент 2 недели бесплатно,Абонемент 2 недели бесплатно,C4,0,"#,##0.00",0,1.0,one,exact_name,0,4
https://fitnes-imperiya.fitbase.io/ticket/update?id=407,Гоголевский,Абонемент УЛЬТРА 2 МЕСЯЦА БЕЗЛИМИТ,Абонемент УЛЬТРА 2 МЕСЯЦА БЕЗЛИМИТ,C83,0,"#,##0.00",0,1.0,one,exact_name,1,1
https://fitnes-imperiya.fitbase.io/ticket/update?id=429,"Гоголевский, Промышленная, Ровио, Столица","Тариф Дневной. Вступительный взнос 1 000, ежемесячно 1 500",,,,,,2500.0,unmatched_name,,0,0
https://fitnes-imperiya.fitbase.io/ticket/update?id=414,Ровио,УЛЬТРА 12 месяцев (рассрочка),УЛЬТРА 12 месяцев (рассрочка),C115,11990,"#,##0.00",11990,1.0,one,exact_name,2,3
https://fitnes-imperiya.fitbase.io/ticket/update?id=415,Ровио,Абонемент МУЛЬТИКАРТА 12 месяцев СПЕЦПРЕДЛОЖЕНИЕ (рассрочка),Абонемент МУЛЬТИКАРТА 12 месяцев СПЕЦПРЕДЛОЖЕНИЕ (рассрочка),C30,11990,"#,##0.00",11990,1.0,one,exact_name,27,27
https://fitnes-imperiya.fitbase.io/ticket/update?id=416,Ровио,Абонемент МУЛЬТИКАРТА 15 месяцев спецпредложение (рассрочка),Абонемент МУЛЬТИКАРТА 15 месяцев спецпредложение (рассрочка),C37,10990,"#,##0.00",10990,1.0,one,exact_name,7,7
https://fitnes-imperiya.fitbase.io/ticket/update?id=417,Ровио,Абонемент 2 недели бесплатно,Абонемент 2 недели бесплатно,C4,0,"#,##0.00",0,1.0,one,exact_name,2,4
https://fitnes-imperiya.fitbase.io/ticket/update?id=418,Ровио,Абонемент МУЛЬТИКАРТА 12 месяцев (Спецпредложение) рассрочка,Абонемент МУЛЬТИКАРТА 12 месяцев (Спецпредложение) рассрочка,C21,10990,"#,##0.00",10990,1.0,one,exact_name,7,8
https://fitnes-imperiya.fitbase.io/ticket/update?id=419,Ровио,УЛЬТРА 9 месяцев (рассрочка),УЛЬТРА 9 месяцев (рассрочка),C120,5495,"#,##0.00",5495,1.0,one,exact_name,2,2
https://fitnes-imperiya.fitbase.io/ticket/update?id=420,Ровио,Абонемент МУЛЬТИКАРТА 12 месяцев (рассрочка),Абонемент МУЛЬТИКАРТА 12 месяцев (рассрочка),C20,14990,"#,##0.00",14990,1.0,one,exact_name,1,1
https://fitnes-imperiya.fitbase.io/ticket/update?id=200,Ровио,Абонемент 10 ДНЕЙ,Абонемент 10 ДНЕЙ,C3,0,"#,##0.00",0,0.0,equal,exact_name,0,13
https://fitnes-imperiya.fitbase.io/ticket/update?id=201,Ровио,Абонемент 2 недели Фитнес,Абонемент 2 недели Фитнес,C5,490,"#,##0.00",490,490.0,equal,exact_name,0,157
https://fitnes-imperiya.fitbase.io/ticket/update?id=202,Ровио,Абонемент в солярий на 100 минут,Абонемент в солярий на 100 минут,C6,2000,"#,##0.00",2000,2000.0,equal,exact_name,0,0
https://fitnes-imperiya.fitbase.io/ticket/update?id=203,Ровио,Абонемент в солярий на 100+50 минут,Абонемент в солярий на 100+50 минут,C7,1200,"#,##0.00",1200,1200.0,equal,exact_name,0,0
https://fitnes-imperiya.fitbase.io/ticket/update?id=204,Ровио,Абонемент в солярий на 50 + 50 минут,Абонемент в солярий на 50 + 50 минут,C8,900,"#,##0.00",900,900.0,equal,exact_name,0,0
https://fitnes-imperiya.fitbase.io/ticket/update?id=205,Ровио,Абонемент в солярий на 50 минут,Абонемент в солярий на 50 минут,C9,1500,"#,##0.00",1500,1500.0,equal,exact_name,0,0
https://fitnes-imperiya.fitbase.io/ticket/update?id=206,Ровио,Абонемент в солярий на 80 минут,Абонемент в солярий на 80 минут,C10,0,"#,##0.00",0,0.0,equal,exact_name,0,0
https://fitnes-imperiya.fitbase.io/ticket/update?id=207,Ровио,АБОНЕМЕНТ ДЖАМПИНГ 12 пос,АБОНЕМЕНТ ДЖАМПИНГ 12 пос,C11,3600,"#,##0.00",3600,3600.0,equal,exact_name,0,0
https://fitnes-imperiya.fitbase.io/ticket/update?id=208,Ровио,АБОНЕМЕНТ ДЖАМПИНГ 8 пос,АБОНЕМЕНТ ДЖАМПИНГ 8 пос,C12,3480,"#,##0.00",3480,3480.0,equal,exact_name,0,0
https://fitnes-imperiya.fitbase.io/ticket/update?id=209,Ровио,"АБОНЕМЕНТ лимфодренажная тренировка (10 посещений),1 мес.","АБОНЕМЕНТ лимфодренажная тренировка (10 посещений),1 мес.",C13,7500,"#,##0.00",7500,7500.0,equal,exact_name,0,0
https://fitnes-imperiya.fitbase.io/ticket/update?id=210,Ровио,Абонемент МУЛЬТИ 24 месяцев,Абонемент МУЛЬТИ 24 месяцев,C14,23980,"#,##0.00",23980,23980.0,equal,exact_name,1,70
https://fitnes-imperiya.fitbase.io/ticket/update?id=211,Ровио,Абонемент МУЛЬТИ 6+6 месяцев,Абонемент МУЛЬТИ 6+6 месяцев,C15,13990,"#,##0.00",13990,13990.0,equal,exact_name,0,12
https://fitnes-imperiya.fitbase.io/ticket/update?id=212,Ровио,Абонемент НЕДЕЛЯ ДРУГ,Абонемент НЕДЕЛЯ ДРУГ,C40,0,"#,##0.00",0,0.0,equal,exact_name,0,632
https://fitnes-imperiya.fitbase.io/ticket/update?id=213,Ровио,Абонемент НЕДЕЛЯ КАРЕЛЬСКИЙ,Абонемент НЕДЕЛЯ КАРЕЛЬСКИЙ,C41,0,"#,##0.00",0,0.0,equal,exact_name,0,67
https://fitnes-imperiya.fitbase.io/ticket/update?id=214,Ровио,Абонемент Неделя марафон,Абонемент Неделя марафон,C42,0,"#,##0.00",0,0.0,equal,exact_name,0,13
https://fitnes-imperiya.fitbase.io/ticket/update?id=215,Ровио,Абонемент НЕДЕЛЯ САЙТ,Абонемент НЕДЕЛЯ САЙТ,C43,100,"#,##0.00",100,100.0,equal,exact_name,0,671
https://fitnes-imperiya.fitbase.io/ticket/update?id=216,Ровио,Абонемент Неделя сайт 2023,Абонемент Неделя сайт 2023,C44,0,"#,##0.00",0,0.0,equal,exact_name,0,22
https://fitnes-imperiya.fitbase.io/ticket/update?id=217,Ровио,Абонемент Неделя Фитнес,Абонемент Неделя Фитнес,C45,2500,"#,##0.00",2500,2500.0,equal,exact_name,0,87
https://fitnes-imperiya.fitbase.io/ticket/update?id=218,Ровио,Абонемент Неделя Фитнес (НОВЫЕ КЛИЕНТЫ),Абонемент Неделя Фитнес (НОВЫЕ КЛИЕНТЫ),C46,199,"#,##0.00",199,199.0,equal,exact_name,0,1
https://fitnes-imperiya.fitbase.io/ticket/update?id=219,Ровио,Абонемент Неделя Фитнес 1 рубль,Абонемент Неделя Фитнес 1 рубль,C47,1,"#,##0.00",1,1.0,equal,exact_name,0,48
https://fitnes-imperiya.fitbase.io/ticket/update?id=220,Ровио,Абонемент Неделя Фитнес 190 рублей,Абонемент Неделя Фитнес 190 рублей,C48,190,"#,##0.00",190,190.0,equal,exact_name,0,23
https://fitnes-imperiya.fitbase.io/ticket/update?id=221,Ровио,Абонемент НЕДЕЛЯ ФИТНЕСА БЕСПЛАТНО,Абонемент НЕДЕЛЯ ФИТНЕСА БЕСПЛАТНО,C49,0,"#,##0.00",0,0.0,equal,exact_name,0,63
https://fitnes-imperiya.fitbase.io/ticket/update?id=222,Ровио,Абонемент НЕДЕЛЯ ХОЛОДНЫЕ,Абонемент НЕДЕЛЯ ХОЛОДНЫЕ,C50,0,"#,##0.00",0,0.0,equal,exact_name,0,44
https://fitnes-imperiya.fitbase.io/ticket/update?id=223,Ровио,АБОНЕМЕНТ САЙКЛ 12 пос без клубной карты,АБОНЕМЕНТ САЙКЛ 12 пос без клубной карты,C51,6450,"#,##0.00",6450,6450.0,equal,exact_name,0,0
https://fitnes-imperiya.fitbase.io/ticket/update?id=224,Ровио,АБОНЕМЕНТ САЙКЛ 12 пос при наличии клубной карты,АБОНЕМЕНТ САЙКЛ 12 пос при наличии клубной карты,C52,3600,"#,##0.00",3600,3600.0,equal,exact_name,0,0
https://fitnes-imperiya.fitbase.io/ticket/update?id=225,Ровио,АБОНЕМЕНТ САЙКЛ 8 пос без клубной карты,АБОНЕМЕНТ САЙКЛ 8 пос без клубной карты,C53,5400,"#,##0.00",5400,5400.0,equal,exact_name,0,0
https://fitnes-imperiya.fitbase.io/ticket/update?id=226,Ровио,АБОНЕМЕНТ САЙКЛ 8 пос при наличии клубной карты,АБОНЕМЕНТ САЙКЛ 8 пос при наличии клубной карты,C54,3000,"#,##0.00",3000,3000.0,equal,exact_name,0,0
https://fitnes-imperiya.fitbase.io/ticket/update?id=227,Ровио,Абонемент УЛЬТРА 1 МЕСЯЦ 12 посещений,Абонемент УЛЬТРА 1 МЕСЯЦ 12 посещений,C55,3500,"#,##0.00",3500,3500.0,equal,exact_name,0,168
https://fitnes-imperiya.fitbase.io/ticket/update?id=228,Ровио,Абонемент УЛЬТРА 1 МЕСЯЦ 8 посещений,Абонемент УЛЬТРА 1 МЕСЯЦ 8 посещений,C56,3400,"#,##0.00",3400,3400.0,equal,exact_name,0,164
https://fitnes-imperiya.fitbase.io/ticket/update?id=229,Ровио,"Абонемент УЛЬТРА 1 МЕСЯЦ 990,00","Абонемент УЛЬТРА 1 МЕСЯЦ 990,00",C57,990,"#,##0.00",990,990.0,equal,exact_name,0,162
https://fitnes-imperiya.fitbase.io/ticket/update?id=230,Ровио,Абонемент УЛЬТРА 1 МЕСЯЦ БЕЗЛИМИТ,Абонемент УЛЬТРА 1 МЕСЯЦ БЕЗЛИМИТ,C58,4100,"#,##0.00",4100,4100.0,equal,exact_name,18,1195
https://fitnes-imperiya.fitbase.io/ticket/update?id=231,Ровио,Абонемент УЛЬТРА 1 МЕСЯЦ БЕСПЛАТНО,Абонемент УЛЬТРА 1 МЕСЯЦ БЕСПЛАТНО,C59,0,"#,##0.00",0,0.0,equal,exact_name,0,21
https://fitnes-imperiya.fitbase.io/ticket/update?id=232,Ровио,Абонемент УЛЬТРА 12 + 2 лета в подарок,Абонемент УЛЬТРА 12 + 2 лета в подарок,C60,11990,"#,##0.00",11990,11990.0,equal,exact_name,0,38
https://fitnes-imperiya.fitbase.io/ticket/update?id=233,Ровио,Абонемент УЛЬТРА 12 месяцев,Абонемент УЛЬТРА 12 месяцев,C61,11990,"#,##0.00",11990,11990.0,equal,exact_name,135,2679
https://fitnes-imperiya.fitbase.io/ticket/update?id=234,Ровио,Абонемент УЛЬТРА 12 месяцев (акция 2 мес. в подарок),Абонемент УЛЬТРА 12 месяцев (акция 2 мес. в подарок),C62,15990,"#,##0.00",15990,15990.0,equal,exact_name,0,3
https://fitnes-imperiya.fitbase.io/ticket/update?id=235,Ровио,"Абонемент УЛЬТРА 12 месяцев (акция 2 мес. в подарок) Ровио,3","Абонемент УЛЬТРА 12 месяцев (акция 2 мес. в подарок) Ровио,3",C63,13990,"#,##0.00",13990,13990.0,equal,exact_name,4,19
https://fitnes-imperiya.fitbase.io/ticket/update?id=236,Ровио,Абонемент УЛЬТРА 12 месяцев (акция 3 мес. в подарок),Абонемент УЛЬТРА 12 месяцев (акция 3 мес. в подарок),C64,11990,"#,##0.00",11990,11990.0,equal,exact_name,0,6
https://fitnes-imperiya.fitbase.io/ticket/update?id=237,Ровио,"Абонемент УЛЬТРА 12 месяцев (акция 3 мес. в подарок) Ровио,3","Абонемент УЛЬТРА 12 месяцев (акция 3 мес. в подарок) Ровио,3",C65,15990,"#,##0.00",15990,15990.0,equal,exact_name,6,33
https://fitnes-imperiya.fitbase.io/ticket/update?id=238,Ровио,Абонемент УЛЬТРА 12 месяцев (акция 6 мес. в подарок),Абонемент УЛЬТРА 12 месяцев (акция 6 мес. в подарок),C66,15990,"#,##0.00",15990,15990.0,equal,exact_name,8,9
https://fitnes-imperiya.fitbase.io/ticket/update?id=239,Ровио,"Абонемент УЛЬТРА 12 месяцев (акция 6 мес. в подарок) Ровио,3","Абонемент УЛЬТРА 12 месяцев (акция 6 мес. в подарок) Ровио,3",C67,17990,"#,##0.00",17990,17990.0,equal,exact_name,5,6
https://fitnes-imperiya.fitbase.io/ticket/update?id=240,Ровио,"Абонемент УЛЬТРА 12 месяцев (Ровио,3)","Абонемент УЛЬТРА 12 месяцев (Ровио,3)",C68,15990,"#,##0.00",15990,15990.0,equal,exact_name,0,10
https://fitnes-imperiya.fitbase.io/ticket/update?id=241,Ровио,Абонемент УЛЬТРА 12 месяцев + 3 месяца заморозки в подарок,Абонемент УЛЬТРА 12 месяцев + 3 месяца заморозки в подарок,C69,0,"#,##0.00",0,0.0,equal,exact_name,0,0
https://fitnes-imperiya.fitbase.io/ticket/update?id=242,Ровио,Абонемент УЛЬТРА 12 месяцев + 3 месяца заморозки в подарок (Рови,Абонемент УЛЬТРА 12 месяцев + 3 месяца заморозки в подарок (Ровио),C70,13990,"#,##0.00",13990,13990.0,equal,unique_short_truncated_suffix,0,11
https://fitnes-imperiya.fitbase.io/ticket/update?id=243,Ровио,Абонемент УЛЬТРА 12 месяцев ДВОЙНОЕ / СЕМЕЙНЫЙ,Абонемент УЛЬТРА 12 месяцев ДВОЙНОЕ / СЕМЕЙНЫЙ,C71,4035,"#,##0.00",4035,4035.0,equal,exact_name,12,135
https://fitnes-imperiya.fitbase.io/ticket/update?id=244,Ровио,Абонемент УЛЬТРА 12 месяцев СПЕЦПРЕДЛОЖЕНИЕ,Абонемент УЛЬТРА 12 месяцев СПЕЦПРЕДЛОЖЕНИЕ,C72,12990,"#,##0.00",12990,0.0,zero,exact_name,66,267
https://fitnes-imperiya.fitbase.io/ticket/update?id=245,Ровио,Абонемент УЛЬТРА 12 месяцев СПЕЦПРЕДЛОЖЕНИЕ (вип),Абонемент УЛЬТРА 12 месяцев СПЕЦПРЕДЛОЖЕНИЕ (вип),C73,10990,"#,##0.00",10990,10990.0,equal,exact_name,69,75
https://fitnes-imperiya.fitbase.io/ticket/update?id=246,Ровио,"Абонемент УЛЬТРА 12 месяцев СПЕЦПРЕДЛОЖЕНИЕ (Промышленная,10)","Абонемент УЛЬТРА 12 месяцев СПЕЦПРЕДЛОЖЕНИЕ (Промышленная,10)",C74,7989,"#,##0.00",7989,7989.0,equal,exact_name,0,0
https://fitnes-imperiya.fitbase.io/ticket/update?id=247,Ровио,Абонемент УЛЬТРА 12 месяцев СПЕЦПРЕДЛОЖЕНИЕ+подарок,Абонемент УЛЬТРА 12 месяцев СПЕЦПРЕДЛОЖЕНИЕ+подарок,C75,0,"#,##0.00",0,11990.0,other,exact_name,28,28
https://fitnes-imperiya.fitbase.io/ticket/update?id=248,Ровио,Абонемент УЛЬТРА 12+2 месяца в подарок,Абонемент УЛЬТРА 12+2 месяца в подарок,C76,11990,"#,##0.00",11990,11990.0,equal,exact_name,0,24
https://fitnes-imperiya.fitbase.io/ticket/update?id=249,Ровио,Абонемент УЛЬТРА 12+2 месяца в подарок (Ровио),Абонемент УЛЬТРА 12+2 месяца в подарок (Ровио),C77,13990,"#,##0.00",13990,13990.0,equal,exact_name,2,2
https://fitnes-imperiya.fitbase.io/ticket/update?id=250,Ровио,Абонемент УЛЬТРА 12+6 месяцев,Абонемент УЛЬТРА 12+6 месяцев,C78,14991,"#,##0.00",14991,14991.0,equal,exact_name,0,17
https://fitnes-imperiya.fitbase.io/ticket/update?id=251,Ровио,Абонемент УЛЬТРА 15 месяцев,Абонемент УЛЬТРА 15 месяцев,C79,0,"#,##0.00",0,0.0,equal,exact_name,0,1
https://fitnes-imperiya.fitbase.io/ticket/update?id=252,Ровио,Абонемент Ультра 15 месяцев (подарок),Абонемент Ультра 15 месяцев (подарок),C80,12990,"#,##0.00",12990,12990.0,equal,exact_name,119,180
https://fitnes-imperiya.fitbase.io/ticket/update?id=253,Ровио,Абонемент УЛЬТРА 15 месяцев (рассрочка),Абонемент УЛЬТРА 15 месяцев (рассрочка),C81,12990,"#,##0.00",12990,12990.0,equal,exact_name,1,1
https://fitnes-imperiya.fitbase.io/ticket/update?id=254,Ровио,Абонемент УЛЬТРА 15 месяцев + 3 месяца заморозки в подарок(Ровио,Абонемент УЛЬТРА 15 месяцев + 3 месяца заморозки в подарок(Ровио),C82,14990,"#,##0.00",14990,14990.0,equal,unique_short_truncated_suffix,2,3
https://fitnes-imperiya.fitbase.io/ticket/update?id=255,Ровио,Абонемент УЛЬТРА 24 месяца,Абонемент УЛЬТРА 24 месяца,C84,23000,"#,##0.00",23000,23000.0,equal,exact_name,2,24
https://fitnes-imperiya.fitbase.io/ticket/update?id=256,Ровио,Абонемент УЛЬТРА 3 месяца,Абонемент УЛЬТРА 3 месяца,C85,8000,"#,##0.00",8000,8000.0,equal,exact_name,1,90
https://fitnes-imperiya.fitbase.io/ticket/update?id=257,Ровио,Абонемент УЛЬТРА 6 месяцев СПЕЦПРЕДЛОЖЕНИЕ,Абонемент УЛЬТРА 6 месяцев СПЕЦПРЕДЛОЖЕНИЕ,C86,7000,"#,##0.00",7000,7000.0,equal,exact_name,0,0
https://fitnes-imperiya.fitbase.io/ticket/update?id=258,Ровио,Абонемент УЛЬТРА 6+6 месяцев,Абонемент УЛЬТРА 6+6 месяцев,C87,13991,"#,##0.00",13991,13991.0,equal,exact_name,0,20
https://fitnes-imperiya.fitbase.io/ticket/update?id=259,Ровио,Абонемент УЛЬТРА 9 месяцев,Абонемент УЛЬТРА 9 месяцев,C88,14990,"#,##0.00",14990,14990.0,equal,exact_name,0,32
https://fitnes-imperiya.fitbase.io/ticket/update?id=260,Ровио,Абонемент УЛЬТРА 9 месяцев (3 месяца заморозки в подарок),Абонемент УЛЬТРА 9 месяцев (3 месяца заморозки в подарок),C89,13990,"#,##0.00",13990,13990.0,equal,exact_name,1,1
https://fitnes-imperiya.fitbase.io/ticket/update?id=261,Ровио,Абонемент УЛЬТРА 9 месяцев (3 месяца заморозки в подарок) Ровио,Абонемент УЛЬТРА 9 месяцев (3 месяца заморозки в подарок) Ровио,C90,12990,"#,##0.00",12990,12990.0,equal,exact_name,0,8
https://fitnes-imperiya.fitbase.io/ticket/update?id=262,Ровио,Абонемент УЛЬТРА 9 месяцев (6 месяцев в подарок),Абонемент УЛЬТРА 9 месяцев (6 месяцев в подарок),C91,15990,"#,##0.00",15990,0.0,zero,exact_name,0,1
https://fitnes-imperiya.fitbase.io/ticket/update?id=263,Ровио,Абонемент УЛЬТРА 9 месяцев СПЕЦПРЕДЛОЖЕНИЕ,Абонемент УЛЬТРА 9 месяцев СПЕЦПРЕДЛОЖЕНИЕ,C92,9900,"#,##0.00",9900,9900.0,equal,exact_name,0,4
https://fitnes-imperiya.fitbase.io/ticket/update?id=264,Ровио,Абонемент УЛЬТРА 9 месяцев+3 месяца в подарок (Ровио),Абонемент УЛЬТРА 9 месяцев+3 месяца в подарок (Ровио),C93,12990,"#,##0.00",12990,12990.0,equal,exact_name,5,17
https://fitnes-imperiya.fitbase.io/ticket/update?id=265,Ровио,Пробное посещение АКВА,Пробное посещение АКВА,C102,500,"#,##0.00",500,500.0,equal,exact_name,0,47
https://fitnes-imperiya.fitbase.io/ticket/update?id=266,Ровио,Разовое посещение АКВА,Разовое посещение АКВА,C103,450,"#,##0.00",450,450.0,equal,exact_name,0,67
https://fitnes-imperiya.fitbase.io/ticket/update?id=267,Ровио,"Студенческий абонемент 4 месяца 6 900,00","Студенческий абонемент 4 месяца 6 900,00",C104,6900,"#,##0.00",6900,6900.0,equal,exact_name,0,7
https://fitnes-imperiya.fitbase.io/ticket/update?id=268,Ровио,Студенческий дневной абонемент 9 месяцев,Студенческий дневной абонемент 9 месяцев,C105,8900,"#,##0.00",8900,8900.0,equal,exact_name,0,1
https://fitnes-imperiya.fitbase.io/ticket/update?id=269,Ровио,Студенческий дневной абонемент 9 месяцев (посещение клуба до 17:,Студенческий дневной абонемент 9 месяцев (посещение клуба до 17:00),C106,8900,"#,##0.00",8900,8900.0,equal,unique_short_truncated_suffix,2,9
https://fitnes-imperiya.fitbase.io/ticket/update?id=270,Ровио,СУБАРЕНДА 10 посещений,СУБАРЕНДА 10 посещений,C107,13000,"#,##0.00",13000,13000.0,equal,exact_name,0,0
https://fitnes-imperiya.fitbase.io/ticket/update?id=271,Ровио,СУБАРЕНДА 12 посещений,СУБАРЕНДА 12 посещений,C108,20000,"#,##0.00",20000,20000.0,equal,exact_name,1,9
https://fitnes-imperiya.fitbase.io/ticket/update?id=272,Ровио,СУБАРЕНДА 15 посещений,СУБАРЕНДА 15 посещений,C109,20000,"#,##0.00",20000,22000.0,other,exact_name,1,122
https://fitnes-imperiya.fitbase.io/ticket/update?id=273,Ровио,СУБАРЕНДА 20 посещений,СУБАРЕНДА 20 посещений,C110,22500,"#,##0.00",22500,22500.0,equal,exact_name,0,0
https://fitnes-imperiya.fitbase.io/ticket/update?id=274,Ровио,СУБАРЕНДА 8 посещений,СУБАРЕНДА 8 посещений,C111,15000,"#,##0.00",15000,15000.0,equal,exact_name,1,10
https://fitnes-imperiya.fitbase.io/ticket/update?id=275,Ровио,СУБАРЕНДА безлимит,СУБАРЕНДА безлимит,C112,28000,"#,##0.00",28000,28000.0,equal,exact_name,8,248
https://fitnes-imperiya.fitbase.io/ticket/update?id=276,Ровио,СУБАРЕНДА безлимит неделя Савостьянова Ксения,СУБАРЕНДА безлимит неделя Савостьянова Ксения,C113,3000,"#,##0.00",3000,3000.0,equal,exact_name,0,0
https://fitnes-imperiya.fitbase.io/ticket/update?id=277,Ровио,СУБАРЕНДА безлимит Савостьянова Ксения,СУБАРЕНДА безлимит Савостьянова Ксения,C114,10000,"#,##0.00",10000,10000.0,equal,exact_name,0,0
https://fitnes-imperiya.fitbase.io/ticket/update?id=278,Ровио,УЛЬТРА 12 месяцев + 2 месяца заморозки в подарок (Ровио),УЛЬТРА 12 месяцев + 2 месяца заморозки в подарок (Ровио),C116,14990,"#,##0.00",14990,14990.0,equal,exact_name,4,14
https://fitnes-imperiya.fitbase.io/ticket/update?id=279,Ровио,УЛЬТРА 12 месяцев + подарок,УЛЬТРА 12 месяцев + подарок,C117,11990,"#,##0.00",11990,11990.0,equal,exact_name,71,80
https://fitnes-imperiya.fitbase.io/ticket/update?id=280,Ровио,УЛЬТРА 6 месяцев + 3 месяца в подарок,УЛЬТРА 6 месяцев + 3 месяца в подарок,C118,14990,"#,##0.00",14990,14990.0,equal,exact_name,0,2
https://fitnes-imperiya.fitbase.io/ticket/update?id=281,Ровио,УЛЬТРА 9 месяцев (подарок),УЛЬТРА 9 месяцев (подарок),C119,10990,"#,##0.00",10990,14990.0,other,exact_name,20,26
https://fitnes-imperiya.fitbase.io/ticket/update?id=282,Ровио,"Холодные 13 900,00 МУЛЬТИ 24 месяца","Холодные 13 900,00 МУЛЬТИ 24 месяца",C121,13900,"#,##0.00",13900,13900.0,equal,exact_name,0,0
https://fitnes-imperiya.fitbase.io/ticket/update?id=283,Ровио,"Холодные 9 900,00 УЛЬТРА 12 месяцев","Холодные 9 900,00 УЛЬТРА 12 месяцев",C123,9900,"#,##0.00",9900,9900.0,equal,exact_name,0,16
https://fitnes-imperiya.fitbase.io/ticket/update?id=284,Ровио,Членство детская йога,Членство детская йога,C124,0,"#,##0.00",0,0.0,equal,exact_name,0,0
https://fitnes-imperiya.fitbase.io/ticket/update?id=384,Ровио,"Тариф Клубный. Вступительный взнос 1 500, ежемесячно 1 800",,,,,,3300.0,unmatched_name,,0,0
https://fitnes-imperiya.fitbase.io/ticket/update?id=386,Ровио,"Тариф Дневной. Вступительный взнос 1 500, ежемесячно 1 500",,,,,,3000.0,unmatched_name,,0,0
https://fitnes-imperiya.fitbase.io/ticket/update?id=388,Ровио,"Тариф Сетевой. Вступительный взнос 1 500, ежемесячно 2 000",,,,,,3500.0,unmatched_name,,0,0
https://fitnes-imperiya.fitbase.io/ticket/update?id=391,Ровио,Годовой,,,,,,19000.0,unmatched_name,,0,0
https://fitnes-imperiya.fitbase.io/ticket/update?id=430,Ровио,"Тариф Дневной. Вступительный взнос 1 000, ежемесячно 1 500",,,,,,2500.0,unmatched_name,,0,0
https://fitnes-imperiya.fitbase.io/ticket/update?id=431,Ровио,"Тариф Клубный. Вступительный взнос 1 000, ежемесячно 1 800",,,,,,2800.0,unmatched_name,,0,0
https://fitnes-imperiya.fitbase.io/ticket/update?id=114,Промышленная,Абонемент 10 ДНЕЙ,Абонемент 10 ДНЕЙ,C3,0,"#,##0.00",0,0.0,equal,exact_name,0,15
https://fitnes-imperiya.fitbase.io/ticket/update?id=115,Промышленная,Абонемент 2 недели Фитнес,Абонемент 2 недели Фитнес,C5,490,"#,##0.00",490,490.0,equal,exact_name,0,92
https://fitnes-imperiya.fitbase.io/ticket/update?id=116,Промышленная,Абонемент в солярий на 100 минут,Абонемент в солярий на 100 минут,C6,2000,"#,##0.00",2000,2.0,thousands_prefix,exact_name,0,68
https://fitnes-imperiya.fitbase.io/ticket/update?id=117,Промышленная,Абонемент в солярий на 100+50 минут,Абонемент в солярий на 100+50 минут,C7,1200,"#,##0.00",1200,1.0,thousands_prefix,exact_name,0,6
https://fitnes-imperiya.fitbase.io/ticket/update?id=118,Промышленная,Абонемент в солярий на 50 + 50 минут,Абонемент в солярий на 50 + 50 минут,C8,900,"#,##0.00",900,900.0,equal,exact_name,0,12
https://fitnes-imperiya.fitbase.io/ticket/update?id=119,Промышленная,Абонемент в солярий на 50 минут,Абонемент в солярий на 50 минут,C9,1500,"#,##0.00",1500,1.0,thousands_prefix,exact_name,0,73
https://fitnes-imperiya.fitbase.io/ticket/update?id=120,Промышленная,Абонемент в солярий на 80 минут,Абонемент в солярий на 80 минут,C10,0,"#,##0.00",0,0.0,equal,exact_name,0,0
https://fitnes-imperiya.fitbase.io/ticket/update?id=121,Промышленная,АБОНЕМЕНТ ДЖАМПИНГ 12 пос,АБОНЕМЕНТ ДЖАМПИНГ 12 пос,C11,3600,"#,##0.00",3600,3.0,thousands_prefix,exact_name,0,0
https://fitnes-imperiya.fitbase.io/ticket/update?id=122,Промышленная,АБОНЕМЕНТ ДЖАМПИНГ 8 пос,АБОНЕМЕНТ ДЖАМПИНГ 8 пос,C12,3480,"#,##0.00",3480,3.0,thousands_prefix,exact_name,0,0
https://fitnes-imperiya.fitbase.io/ticket/update?id=123,Промышленная,"АБОНЕМЕНТ лимфодренажная тренировка (10 посещений),1 мес.","АБОНЕМЕНТ лимфодренажная тренировка (10 посещений),1 мес.",C13,7500,"#,##0.00",7500,7.0,thousands_prefix,exact_name,0,0
https://fitnes-imperiya.fitbase.io/ticket/update?id=124,Промышленная,Абонемент МУЛЬТИ 24 месяцев,Абонемент МУЛЬТИ 24 месяцев,C14,23980,"#,##0.00",23980,23.0,thousands_prefix,exact_name,7,118
https://fitnes-imperiya.fitbase.io/ticket/update?id=125,Промышленная,Абонемент МУЛЬТИ 6+6 месяцев,Абонемент МУЛЬТИ 6+6 месяцев,C15,13990,"#,##0.00",13990,13.0,thousands_prefix,exact_name,0,24
https://fitnes-imperiya.fitbase.io/ticket/update?id=126,Промышленная,Абонемент НЕДЕЛЯ ДРУГ,Абонемент НЕДЕЛЯ ДРУГ,C40,0,"#,##0.00",0,0.0,equal,exact_name,0,954
https://fitnes-imperiya.fitbase.io/ticket/update?id=127,Промышленная,Абонемент НЕДЕЛЯ КАРЕЛЬСКИЙ,Абонемент НЕДЕЛЯ КАРЕЛЬСКИЙ,C41,0,"#,##0.00",0,0.0,equal,exact_name,0,0
https://fitnes-imperiya.fitbase.io/ticket/update?id=128,Промышленная,Абонемент Неделя марафон,Абонемент Неделя марафон,C42,0,"#,##0.00",0,0.0,equal,exact_name,0,17
https://fitnes-imperiya.fitbase.io/ticket/update?id=129,Промышленная,Абонемент НЕДЕЛЯ САЙТ,Абонемент НЕДЕЛЯ САЙТ,C43,100,"#,##0.00",100,100.0,equal,exact_name,0,886
https://fitnes-imperiya.fitbase.io/ticket/update?id=130,Промышленная,Абонемент Неделя сайт 2023,Абонемент Неделя сайт 2023,C44,0,"#,##0.00",0,0.0,equal,exact_name,0,91
https://fitnes-imperiya.fitbase.io/ticket/update?id=131,Промышленная,Абонемент Неделя Фитнес,Абонемент Неделя Фитнес,C45,2500,"#,##0.00",2500,2.0,thousands_prefix,exact_name,0,118
https://fitnes-imperiya.fitbase.io/ticket/update?id=132,Промышленная,Абонемент Неделя Фитнес (НОВЫЕ КЛИЕНТЫ),Абонемент Неделя Фитнес (НОВЫЕ КЛИЕНТЫ),C46,199,"#,##0.00",199,199.0,equal,exact_name,0,3
https://fitnes-imperiya.fitbase.io/ticket/update?id=133,Промышленная,Абонемент Неделя Фитнес 1 рубль,Абонемент Неделя Фитнес 1 рубль,C47,1,"#,##0.00",1,1.0,equal,exact_name,0,23
https://fitnes-imperiya.fitbase.io/ticket/update?id=134,Промышленная,Абонемент Неделя Фитнес 190 рублей,Абонемент Неделя Фитнес 190 рублей,C48,190,"#,##0.00",190,190.0,equal,exact_name,0,0
https://fitnes-imperiya.fitbase.io/ticket/update?id=135,Промышленная,Абонемент НЕДЕЛЯ ФИТНЕСА БЕСПЛАТНО,Абонемент НЕДЕЛЯ ФИТНЕСА БЕСПЛАТНО,C49,0,"#,##0.00",0,0.0,equal,exact_name,0,122
https://fitnes-imperiya.fitbase.io/ticket/update?id=136,Промышленная,Абонемент НЕДЕЛЯ ХОЛОДНЫЕ,Абонемент НЕДЕЛЯ ХОЛОДНЫЕ,C50,0,"#,##0.00",0,0.0,equal,exact_name,0,35
https://fitnes-imperiya.fitbase.io/ticket/update?id=137,Промышленная,АБОНЕМЕНТ САЙКЛ 12 пос без клубной карты,АБОНЕМЕНТ САЙКЛ 12 пос без клубной карты,C51,6450,"#,##0.00",6450,6.0,thousands_prefix,exact_name,0,0
https://fitnes-imperiya.fitbase.io/ticket/update?id=138,Промышленная,АБОНЕМЕНТ САЙКЛ 12 пос при наличии клубной карты,АБОНЕМЕНТ САЙКЛ 12 пос при наличии клубной карты,C52,3600,"#,##0.00",3600,3.0,thousands_prefix,exact_name,0,0
https://fitnes-imperiya.fitbase.io/ticket/update?id=139,Промышленная,АБОНЕМЕНТ САЙКЛ 8 пос без клубной карты,АБОНЕМЕНТ САЙКЛ 8 пос без клубной карты,C53,5400,"#,##0.00",5400,5.0,thousands_prefix,exact_name,0,0
https://fitnes-imperiya.fitbase.io/ticket/update?id=140,Промышленная,АБОНЕМЕНТ САЙКЛ 8 пос при наличии клубной карты,АБОНЕМЕНТ САЙКЛ 8 пос при наличии клубной карты,C54,3000,"#,##0.00",3000,3.0,thousands_prefix,exact_name,0,0
https://fitnes-imperiya.fitbase.io/ticket/update?id=141,Промышленная,Абонемент УЛЬТРА 1 МЕСЯЦ 12 посещений,Абонемент УЛЬТРА 1 МЕСЯЦ 12 посещений,C55,3500,"#,##0.00",3500,3.0,thousands_prefix,exact_name,0,129
https://fitnes-imperiya.fitbase.io/ticket/update?id=142,Промышленная,Абонемент УЛЬТРА 1 МЕСЯЦ 8 посещений,Абонемент УЛЬТРА 1 МЕСЯЦ 8 посещений,C56,3400,"#,##0.00",3400,3.0,thousands_prefix,exact_name,0,111
https://fitnes-imperiya.fitbase.io/ticket/update?id=143,Промышленная,"Абонемент УЛЬТРА 1 МЕСЯЦ 990,00","Абонемент УЛЬТРА 1 МЕСЯЦ 990,00",C57,990,"#,##0.00",990,990.0,equal,exact_name,4,170
https://fitnes-imperiya.fitbase.io/ticket/update?id=144,Промышленная,Абонемент УЛЬТРА 1 МЕСЯЦ БЕЗЛИМИТ,Абонемент УЛЬТРА 1 МЕСЯЦ БЕЗЛИМИТ,C58,4100,"#,##0.00",4100,4.0,thousands_prefix,exact_name,7,1261
https://fitnes-imperiya.fitbase.io/ticket/update?id=145,Промышленная,Абонемент УЛЬТРА 1 МЕСЯЦ БЕСПЛАТНО,Абонемент УЛЬТРА 1 МЕСЯЦ БЕСПЛАТНО,C59,0,"#,##0.00",0,0.0,equal,exact_name,0,28
https://fitnes-imperiya.fitbase.io/ticket/update?id=146,Промышленная,Абонемент УЛЬТРА 12 + 2 лета в подарок,Абонемент УЛЬТРА 12 + 2 лета в подарок,C60,11990,"#,##0.00",11990,11.0,thousands_prefix,exact_name,0,26
https://fitnes-imperiya.fitbase.io/ticket/update?id=147,Промышленная,Абонемент УЛЬТРА 12 месяцев,Абонемент УЛЬТРА 12 месяцев,C61,11990,"#,##0.00",11990,11.0,thousands_prefix,exact_name,155,3587
https://fitnes-imperiya.fitbase.io/ticket/update?id=148,Промышленная,Абонемент УЛЬТРА 12 месяцев (акция 2 мес. в подарок),Абонемент УЛЬТРА 12 месяцев (акция 2 мес. в подарок),C62,15990,"#,##0.00",15990,15.0,thousands_prefix,exact_name,0,22
https://fitnes-imperiya.fitbase.io/ticket/update?id=149,Промышленная,"Абонемент УЛЬТРА 12 месяцев (акция 2 мес. в подарок) Ровио,3","Абонемент УЛЬТРА 12 месяцев (акция 2 мес. в подарок) Ровио,3",C63,13990,"#,##0.00",13990,13.0,thousands_prefix,exact_name,0,0
https://fitnes-imperiya.fitbase.io/ticket/update?id=150,Промышленная,Абонемент УЛЬТРА 12 месяцев (акция 3 мес. в подарок),Абонемент УЛЬТРА 12 месяцев (акция 3 мес. в подарок),C64,11990,"#,##0.00",11990,11.0,thousands_prefix,exact_name,18,52
https://fitnes-imperiya.fitbase.io/ticket/update?id=151,Промышленная,"Абонемент УЛЬТРА 12 месяцев (акция 3 мес. в подарок) Ровио,3","Абонемент УЛЬТРА 12 месяцев (акция 3 мес. в подарок) Ровио,3",C65,15990,"#,##0.00",15990,15.0,thousands_prefix,exact_name,0,1
https://fitnes-imperiya.fitbase.io/ticket/update?id=152,Промышленная,Абонемент УЛЬТРА 12 месяцев (акция 6 мес. в подарок),Абонемент УЛЬТРА 12 месяцев (акция 6 мес. в подарок),C66,15990,"#,##0.00",15990,15.0,thousands_prefix,exact_name,19,22
https://fitnes-imperiya.fitbase.io/ticket/update?id=153,Промышленная,"Абонемент УЛЬТРА 12 месяцев (акция 6 мес. в подарок) Ровио,3","Абонемент УЛЬТРА 12 месяцев (акция 6 мес. в подарок) Ровио,3",C67,17990,"#,##0.00",17990,17.0,thousands_prefix,exact_name,0,0
https://fitnes-imperiya.fitbase.io/ticket/update?id=154,Промышленная,"Абонемент УЛЬТРА 12 месяцев (Ровио,3)","Абонемент УЛЬТРА 12 месяцев (Ровио,3)",C68,15990,"#,##0.00",15990,15.0,thousands_prefix,exact_name,3,6
https://fitnes-imperiya.fitbase.io/ticket/update?id=155,Промышленная,Абонемент УЛЬТРА 12 месяцев + 3 месяца заморозки в подарок,Абонемент УЛЬТРА 12 месяцев + 3 месяца заморозки в подарок,C69,0,"#,##0.00",0,0.0,equal,exact_name,2,10
https://fitnes-imperiya.fitbase.io/ticket/update?id=156,Промышленная,Абонемент УЛЬТРА 12 месяцев + 3 месяца заморозки в подарок (Рови,Абонемент УЛЬТРА 12 месяцев + 3 месяца заморозки в подарок (Ровио),C70,13990,"#,##0.00",13990,13.0,thousands_prefix,unique_short_truncated_suffix,1,2
https://fitnes-imperiya.fitbase.io/ticket/update?id=157,Промышленная,Абонемент УЛЬТРА 12 месяцев ДВОЙНОЕ / СЕМЕЙНЫЙ,Абонемент УЛЬТРА 12 месяцев ДВОЙНОЕ / СЕМЕЙНЫЙ,C71,4035,"#,##0.00",4035,4.0,thousands_prefix,exact_name,5,335
https://fitnes-imperiya.fitbase.io/ticket/update?id=158,Промышленная,Абонемент УЛЬТРА 12 месяцев СПЕЦПРЕДЛОЖЕНИЕ,Абонемент УЛЬТРА 12 месяцев СПЕЦПРЕДЛОЖЕНИЕ,C72,12990,"#,##0.00",12990,0.0,zero,exact_name,29,275
https://fitnes-imperiya.fitbase.io/ticket/update?id=159,Промышленная,Абонемент УЛЬТРА 12 месяцев СПЕЦПРЕДЛОЖЕНИЕ (вип),Абонемент УЛЬТРА 12 месяцев СПЕЦПРЕДЛОЖЕНИЕ (вип),C73,10990,"#,##0.00",10990,10.0,thousands_prefix,exact_name,10,11
https://fitnes-imperiya.fitbase.io/ticket/update?id=160,Промышленная,"Абонемент УЛЬТРА 12 месяцев СПЕЦПРЕДЛОЖЕНИЕ (Промышленная,10)","Абонемент УЛЬТРА 12 месяцев СПЕЦПРЕДЛОЖЕНИЕ (Промышленная,10)",C74,7989,"#,##0.00",7989,7.0,thousands_prefix,exact_name,0,7
https://fitnes-imperiya.fitbase.io/ticket/update?id=161,Промышленная,Абонемент УЛЬТРА 12 месяцев СПЕЦПРЕДЛОЖЕНИЕ+подарок,Абонемент УЛЬТРА 12 месяцев СПЕЦПРЕДЛОЖЕНИЕ+подарок,C75,0,"#,##0.00",0,11.0,other,exact_name,23,23
https://fitnes-imperiya.fitbase.io/ticket/update?id=162,Промышленная,Абонемент УЛЬТРА 12+2 месяца в подарок,Абонемент УЛЬТРА 12+2 месяца в подарок,C76,11990,"#,##0.00",11990,11.0,thousands_prefix,exact_name,1,40
https://fitnes-imperiya.fitbase.io/ticket/update?id=163,Промышленная,Абонемент УЛЬТРА 12+2 месяца в подарок (Ровио),Абонемент УЛЬТРА 12+2 месяца в подарок (Ровио),C77,13990,"#,##0.00",13990,13.0,thousands_prefix,exact_name,0,0
https://fitnes-imperiya.fitbase.io/ticket/update?id=164,Промышленная,Абонемент УЛЬТРА 12+6 месяцев,Абонемент УЛЬТРА 12+6 месяцев,C78,14991,"#,##0.00",14991,14.0,thousands_prefix,exact_name,0,24
https://fitnes-imperiya.fitbase.io/ticket/update?id=165,Промышленная,Абонемент УЛЬТРА 15 месяцев,Абонемент УЛЬТРА 15 месяцев,C79,0,"#,##0.00",0,0.0,equal,exact_name,3,9
https://fitnes-imperiya.fitbase.io/ticket/update?id=166,Промышленная,Абонемент Ультра 15 месяцев (подарок),Абонемент Ультра 15 месяцев (подарок),C80,12990,"#,##0.00",12990,12.0,thousands_prefix,exact_name,108,156
https://fitnes-imperiya.fitbase.io/ticket/update?id=167,Промышленная,Абонемент УЛЬТРА 15 месяцев (рассрочка),Абонемент УЛЬТРА 15 месяцев (рассрочка),C81,12990,"#,##0.00",12990,12.0,thousands_prefix,exact_name,0,0
https://fitnes-imperiya.fitbase.io/ticket/update?id=168,Промышленная,Абонемент УЛЬТРА 15 месяцев + 3 месяца заморозки в подарок(Ровио,Абонемент УЛЬТРА 15 месяцев + 3 месяца заморозки в подарок(Ровио),C82,14990,"#,##0.00",14990,14.0,thousands_prefix,unique_short_truncated_suffix,0,0
https://fitnes-imperiya.fitbase.io/ticket/update?id=169,Промышленная,Абонемент УЛЬТРА 24 месяца,Абонемент УЛЬТРА 24 месяца,C84,23000,"#,##0.00",23000,23.0,thousands_prefix,exact_name,6,58
https://fitnes-imperiya.fitbase.io/ticket/update?id=170,Промышленная,Абонемент УЛЬТРА 3 месяца,Абонемент УЛЬТРА 3 месяца,C85,8000,"#,##0.00",8000,8.0,thousands_prefix,exact_name,0,131
https://fitnes-imperiya.fitbase.io/ticket/update?id=171,Промышленная,Абонемент УЛЬТРА 6 месяцев СПЕЦПРЕДЛОЖЕНИЕ,Абонемент УЛЬТРА 6 месяцев СПЕЦПРЕДЛОЖЕНИЕ,C86,7000,"#,##0.00",7000,7.0,thousands_prefix,exact_name,0,0
https://fitnes-imperiya.fitbase.io/ticket/update?id=172,Промышленная,Абонемент УЛЬТРА 6+6 месяцев,Абонемент УЛЬТРА 6+6 месяцев,C87,13991,"#,##0.00",13991,13.0,thousands_prefix,exact_name,0,38
https://fitnes-imperiya.fitbase.io/ticket/update?id=173,Промышленная,Абонемент УЛЬТРА 9 месяцев,Абонемент УЛЬТРА 9 месяцев,C88,14990,"#,##0.00",14990,14.0,thousands_prefix,exact_name,0,28
https://fitnes-imperiya.fitbase.io/ticket/update?id=174,Промышленная,Абонемент УЛЬТРА 9 месяцев (3 месяца заморозки в подарок),Абонемент УЛЬТРА 9 месяцев (3 месяца заморозки в подарок),C89,13990,"#,##0.00",13990,13.0,thousands_prefix,exact_name,0,5
https://fitnes-imperiya.fitbase.io/ticket/update?id=175,Промышленная,Абонемент УЛЬТРА 9 месяцев (3 месяца заморозки в подарок) Ровио,Абонемент УЛЬТРА 9 месяцев (3 месяца заморозки в подарок) Ровио,C90,12990,"#,##0.00",12990,12.0,thousands_prefix,exact_name,0,0
https://fitnes-imperiya.fitbase.io/ticket/update?id=176,Промышленная,Абонемент УЛЬТРА 9 месяцев (6 месяцев в подарок),Абонемент УЛЬТРА 9 месяцев (6 месяцев в подарок),C91,15990,"#,##0.00",15990,0.0,zero,exact_name,0,0
https://fitnes-imperiya.fitbase.io/ticket/update?id=177,Промышленная,Абонемент УЛЬТРА 9 месяцев СПЕЦПРЕДЛОЖЕНИЕ,Абонемент УЛЬТРА 9 месяцев СПЕЦПРЕДЛОЖЕНИЕ,C92,9900,"#,##0.00",9900,9.0,thousands_prefix,exact_name,0,5
https://fitnes-imperiya.fitbase.io/ticket/update?id=178,Промышленная,Абонемент УЛЬТРА 9 месяцев+3 месяца в подарок (Ровио),Абонемент УЛЬТРА 9 месяцев+3 месяца в подарок (Ровио),C93,12990,"#,##0.00",12990,12.0,thousands_prefix,exact_name,1,1
https://fitnes-imperiya.fitbase.io/ticket/update?id=179,Промышленная,Пробное посещение АКВА,Пробное посещение АКВА,C102,500,"#,##0.00",500,500.0,equal,exact_name,0,0
https://fitnes-imperiya.fitbase.io/ticket/update?id=180,Промышленная,Разовое посещение АКВА,Разовое посещение АКВА,C103,450,"#,##0.00",450,450.0,equal,exact_name,0,0
https://fitnes-imperiya.fitbase.io/ticket/update?id=181,Промышленная,"Студенческий абонемент 4 месяца 6 900,00","Студенческий абонемент 4 месяца 6 900,00",C104,6900,"#,##0.00",6900,6.0,thousands_prefix,exact_name,0,18
https://fitnes-imperiya.fitbase.io/ticket/update?id=182,Промышленная,Студенческий дневной абонемент 9 месяцев,Студенческий дневной абонемент 9 месяцев,C105,8900,"#,##0.00",8900,8.0,thousands_prefix,exact_name,0,0
https://fitnes-imperiya.fitbase.io/ticket/update?id=183,Промышленная,Студенческий дневной абонемент 9 месяцев (посещение клуба до 17:,Студенческий дневной абонемент 9 месяцев (посещение клуба до 17:00),C106,8900,"#,##0.00",8900,8.0,thousands_prefix,unique_short_truncated_suffix,1,4
https://fitnes-imperiya.fitbase.io/ticket/update?id=184,Промышленная,СУБАРЕНДА 10 посещений,СУБАРЕНДА 10 посещений,C107,13000,"#,##0.00",13000,13.0,thousands_prefix,exact_name,0,0
https://fitnes-imperiya.fitbase.io/ticket/update?id=185,Промышленная,СУБАРЕНДА 12 посещений,СУБАРЕНДА 12 посещений,C108,20000,"#,##0.00",20000,20.0,thousands_prefix,exact_name,0,28
https://fitnes-imperiya.fitbase.io/ticket/update?id=186,Промышленная,СУБАРЕНДА 15 посещений,СУБАРЕНДА 15 посещений,C109,20000,"#,##0.00",20000,22.0,other,exact_name,1,48
https://fitnes-imperiya.fitbase.io/ticket/update?id=187,Промышленная,СУБАРЕНДА 20 посещений,СУБАРЕНДА 20 посещений,C110,22500,"#,##0.00",22500,22.0,thousands_prefix,exact_name,0,0
https://fitnes-imperiya.fitbase.io/ticket/update?id=188,Промышленная,СУБАРЕНДА 8 посещений,СУБАРЕНДА 8 посещений,C111,15000,"#,##0.00",15000,15.0,thousands_prefix,exact_name,0,1
https://fitnes-imperiya.fitbase.io/ticket/update?id=189,Промышленная,СУБАРЕНДА безлимит,СУБАРЕНДА безлимит,C112,28000,"#,##0.00",28000,28.0,thousands_prefix,exact_name,1,79
https://fitnes-imperiya.fitbase.io/ticket/update?id=190,Промышленная,СУБАРЕНДА безлимит неделя Савостьянова Ксения,СУБАРЕНДА безлимит неделя Савостьянова Ксения,C113,3000,"#,##0.00",3000,3.0,thousands_prefix,exact_name,0,0
https://fitnes-imperiya.fitbase.io/ticket/update?id=191,Промышленная,СУБАРЕНДА безлимит Савостьянова Ксения,СУБАРЕНДА безлимит Савостьянова Ксения,C114,10000,"#,##0.00",10000,10.0,thousands_prefix,exact_name,0,0
https://fitnes-imperiya.fitbase.io/ticket/update?id=192,Промышленная,УЛЬТРА 12 месяцев + 2 месяца заморозки в подарок (Ровио),УЛЬТРА 12 месяцев + 2 месяца заморозки в подарок (Ровио),C116,14990,"#,##0.00",14990,14.0,thousands_prefix,exact_name,2,4
https://fitnes-imperiya.fitbase.io/ticket/update?id=193,Промышленная,УЛЬТРА 12 месяцев + подарок,УЛЬТРА 12 месяцев + подарок,C117,11990,"#,##0.00",11990,11.0,thousands_prefix,exact_name,52,61
https://fitnes-imperiya.fitbase.io/ticket/update?id=194,Промышленная,УЛЬТРА 6 месяцев + 3 месяца в подарок,УЛЬТРА 6 месяцев + 3 месяца в подарок,C118,14990,"#,##0.00",14990,14.0,thousands_prefix,exact_name,0,0
https://fitnes-imperiya.fitbase.io/ticket/update?id=195,Промышленная,УЛЬТРА 9 месяцев (подарок),УЛЬТРА 9 месяцев (подарок),C119,10990,"#,##0.00",10990,14.0,other,exact_name,14,41
https://fitnes-imperiya.fitbase.io/ticket/update?id=196,Промышленная,"Холодные 13 900,00 МУЛЬТИ 24 месяца","Холодные 13 900,00 МУЛЬТИ 24 месяца",C121,13900,"#,##0.00",13900,13.0,thousands_prefix,exact_name,0,1
https://fitnes-imperiya.fitbase.io/ticket/update?id=197,Промышленная,"Холодные 9 900,00 УЛЬТРА 12 месяцев","Холодные 9 900,00 УЛЬТРА 12 месяцев",C123,9900,"#,##0.00",9900,9.0,thousands_prefix,exact_name,0,6
https://fitnes-imperiya.fitbase.io/ticket/update?id=198,Промышленная,Членство детская йога,Членство детская йога,C124,0,"#,##0.00",0,0.0,equal,exact_name,0,0
https://fitnes-imperiya.fitbase.io/ticket/update?id=380,Промышленная,"Тариф Дневной. Вступительный взнос 1 500, ежемесячно 1 500",,,,,,3000.0,unmatched_name,,0,0
https://fitnes-imperiya.fitbase.io/ticket/update?id=383,Промышленная,"Тариф Клубный. Вступительный взнос 1 500, ежемесячно 1 800",,,,,,3300.0,unmatched_name,,0,0
https://fitnes-imperiya.fitbase.io/ticket/update?id=387,Промышленная,"Тариф Сетевой. Вступительный взнос 1 500, ежемесячно 2 000",,,,,,3500.0,unmatched_name,,0,0
https://fitnes-imperiya.fitbase.io/ticket/update?id=390,Промышленная,Годовой,,,,,,19000.0,unmatched_name,,0,0
https://fitnes-imperiya.fitbase.io/ticket/update?id=426,Промышленная,"Тариф Дневной. Вступительный взнос 1 000, ежемесячно 1 500",,,,,,2500.0,unmatched_name,,0,0
https://fitnes-imperiya.fitbase.io/ticket/update?id=427,Промышленная,"Тариф Клубный. Вступительный взнос 1 000, ежемесячно 1 800",,,,,,2800.0,unmatched_name,,0,0
https://fitnes-imperiya.fitbase.io/ticket/update?id=199,Промышленная,"Абонемент МУЛЬТИКАРТА 12 месяцев СПЕЦПРЕДЛОЖЕНИЕ(Промышленная,10","Абонемент МУЛЬТИКАРТА 12 месяцев СПЕЦПРЕДЛОЖЕНИЕ(Промышленная,10)",C31,0,"#,##0.00",0,1.0,one,unique_short_truncated_suffix,1,1
https://fitnes-imperiya.fitbase.io/ticket/update?id=408,Промышленная,Абонемент МУЛЬТИКАРТА 12 месяцев СПЕЦПРЕДЛОЖЕНИЕ (рассрочка),Абонемент МУЛЬТИКАРТА 12 месяцев СПЕЦПРЕДЛОЖЕНИЕ (рассрочка),C30,11990,"#,##0.00",11990,1.0,one,exact_name,5,5
https://fitnes-imperiya.fitbase.io/ticket/update?id=409,Промышленная,Абонемент МУЛЬТИКАРТА 12 месяцев (Спецпредложение) рассрочка,Абонемент МУЛЬТИКАРТА 12 месяцев (Спецпредложение) рассрочка,C21,10990,"#,##0.00",10990,1.0,one,exact_name,5,5
https://fitnes-imperiya.fitbase.io/ticket/update?id=410,Промышленная,УЛЬТРА 12 месяцев (рассрочка),УЛЬТРА 12 месяцев (рассрочка),C115,11990,"#,##0.00",11990,1.0,one,exact_name,5,5
https://fitnes-imperiya.fitbase.io/ticket/update?id=411,Промышленная,Абонемент МУЛЬТИКАРТА 12 месяцев (рассрочка),Абонемент МУЛЬТИКАРТА 12 месяцев (рассрочка),C20,14990,"#,##0.00",14990,1.0,one,exact_name,2,2
https://fitnes-imperiya.fitbase.io/ticket/update?id=412,Промышленная,Абонемент 2 недели бесплатно,Абонемент 2 недели бесплатно,C4,0,"#,##0.00",0,1.0,one,exact_name,1,1
https://fitnes-imperiya.fitbase.io/ticket/update?id=413,Промышленная,Абонемент МУЛЬТИКАРТА 15 месяцев спецпредложение (рассрочка),Абонемент МУЛЬТИКАРТА 15 месяцев спецпредложение (рассрочка),C37,10990,"#,##0.00",10990,1.0,one,exact_name,2,4
https://fitnes-imperiya.fitbase.io/ticket/update?id=370,Столица,"Абонемент МУЛЬТИКАРТА 12 месяцев СПЕЦПРЕДЛОЖЕНИЕ(Промышленная,10","Абонемент МУЛЬТИКАРТА 12 месяцев СПЕЦПРЕДЛОЖЕНИЕ(Промышленная,10)",C31,0,"#,##0.00",0,1.0,one,unique_short_truncated_suffix,0,1
https://fitnes-imperiya.fitbase.io/ticket/update?id=421,Столица,Абонемент 2 недели бесплатно,Абонемент 2 недели бесплатно,C4,0,"#,##0.00",0,1.0,one,exact_name,0,3
https://fitnes-imperiya.fitbase.io/ticket/update?id=422,Столица,Абонемент МУЛЬТИКАРТА 12 месяцев (Спецпредложение) рассрочка,Абонемент МУЛЬТИКАРТА 12 месяцев (Спецпредложение) рассрочка,C21,10990,"#,##0.00",10990,1.0,one,exact_name,6,6
https://fitnes-imperiya.fitbase.io/ticket/update?id=423,Столица,Абонемент МУЛЬТИКАРТА 15 месяцев спецпредложение (рассрочка),Абонемент МУЛЬТИКАРТА 15 месяцев спецпредложение (рассрочка),C37,10990,"#,##0.00",10990,1.0,one,exact_name,5,5
https://fitnes-imperiya.fitbase.io/ticket/update?id=424,Столица,Абонемент МУЛЬТИКАРТА 12 месяцев СПЕЦПРЕДЛОЖЕНИЕ (рассрочка),Абонемент МУЛЬТИКАРТА 12 месяцев СПЕЦПРЕДЛОЖЕНИЕ (рассрочка),C30,11990,"#,##0.00",11990,1.0,one,exact_name,4,4
https://fitnes-imperiya.fitbase.io/ticket/update?id=425,Столица,УЛЬТРА 12 месяцев (рассрочка),УЛЬТРА 12 месяцев (рассрочка),C115,11990,"#,##0.00",11990,1.0,one,exact_name,3,3
